CustomerID,TotalRevenue,TotalPurchases,TotalQuantity,AvgOrderValue,UniqueProducts,Country,LastPurchaseDate,Recency,Frequency,Monetary,Cluster,ClusterName
C10001,22885.809999999998,3,63,7628.6033333333335,8,India,2025-08-03 17:27:00,117,3,22885.809999999998,1,High Value Loyal
C10003,12061.04,1,10,12061.04,3,United Kingdom,2025-10-26 12:49:00,33,1,12061.04,0,Regular / Occasional Buyer
C10004,10579.97,2,16,5289.985,5,United Kingdom,2025-10-19 10:11:00,40,2,10579.97,0,Regular / Occasional Buyer
C10005,14154.57,2,17,7077.285000000002,7,Germany,2025-02-04 15:14:00,297,2,14154.57,2,Inactive / At-Risk
C10006,27389.290000000005,3,27,9129.763333333334,8,India,2025-10-28 13:36:00,31,3,27389.290000000005,1,High Value Loyal
C10007,18247.42,4,28,4561.855,8,Netherlands,2025-09-14 22:08:00,74,4,18247.42,1,High Value Loyal
C10008,15488.699999999999,3,29,5162.900000000001,7,United Kingdom,2025-11-20 08:29:00,8,3,15488.699999999999,0,Regular / Occasional Buyer
C10009,9138.4,2,13,4569.2,6,United Kingdom,2025-05-20 10:11:00,192,2,9138.4,2,Inactive / At-Risk
C10010,8610.83,2,19,4305.415,3,United Kingdom,2025-08-10 09:31:00,110,2,8610.83,0,Regular / Occasional Buyer
C10011,706.78,1,1,706.78,1,United Kingdom,2025-08-19 15:34:00,101,1,706.78,0,Regular / Occasional Buyer
C10012,9485.27,1,14,9485.27,6,United Kingdom,2025-04-18 18:08:00,224,1,9485.27,2,Inactive / At-Risk
C10014,44386.66,2,68,22193.33,12,United Kingdom,2025-09-13 09:27:00,76,2,44386.66,1,High Value Loyal
C10015,27418.48,3,32,9139.493333333332,10,India,2025-11-04 11:47:00,24,3,27418.48,1,High Value Loyal
C10016,6347.87,2,4,3173.935,3,United Kingdom,2025-06-28 22:14:00,152,2,6347.87,2,Inactive / At-Risk
C10017,2901.65,1,7,2901.6499999999996,3,United Kingdom,2025-11-09 13:48:00,19,1,2901.65,0,Regular / Occasional Buyer
C10018,8604.92,1,5,8604.92,2,India,2025-08-28 11:54:00,92,1,8604.92,0,Regular / Occasional Buyer
C10021,15502.15,2,18,7751.075,6,France,2025-07-19 20:28:00,131,2,15502.15,0,Regular / Occasional Buyer
C10023,16624.32,3,41,5541.44,9,United Kingdom,2025-04-29 21:33:00,212,3,16624.32,2,Inactive / At-Risk
C10025,15472.8,3,14,5157.599999999999,6,Australia,2025-07-15 10:32:00,136,3,15472.8,0,Regular / Occasional Buyer
C10027,38387.14,2,26,19193.57,3,United Kingdom,2025-10-01 17:54:00,58,2,38387.14,1,High Value Loyal
C10028,21765.78,5,27,4353.156,11,United Kingdom,2025-11-24 10:01:00,4,5,21765.78,1,High Value Loyal
C10029,3399.69,1,13,3399.69,2,EIRE,2025-06-20 16:13:00,161,1,3399.69,2,Inactive / At-Risk
C10030,5671.55,1,13,5671.55,5,India,2025-03-25 16:10:00,248,1,5671.55,2,Inactive / At-Risk
C10031,35387.29,1,32,35387.29,4,France,2025-02-15 19:56:00,285,1,35387.29,2,Inactive / At-Risk
C10032,21031.96,2,39,10515.979999999998,6,Germany,2025-09-28 11:40:00,61,2,21031.96,0,Regular / Occasional Buyer
C10033,3152.19,1,3,3152.19,3,United Kingdom,2025-11-12 17:03:00,16,1,3152.19,0,Regular / Occasional Buyer
C10035,11499.62,2,22,5749.81,4,United Kingdom,2025-04-15 19:28:00,226,2,11499.62,2,Inactive / At-Risk
C10036,14067.069999999998,1,18,14067.07,4,United Kingdom,2025-01-28 19:58:00,303,1,14067.069999999998,2,Inactive / At-Risk
C10038,3600.58,1,2,3600.58,1,India,2025-10-18 22:54:00,40,1,3600.58,0,Regular / Occasional Buyer
C10039,10287.849999999999,2,19,5143.924999999999,6,Netherlands,2025-10-29 12:41:00,30,2,10287.849999999999,0,Regular / Occasional Buyer
C10041,10991.81,2,20,5495.904999999999,7,India,2025-10-01 19:31:00,57,2,10991.81,0,Regular / Occasional Buyer
C10042,6080.18,3,9,2026.7266666666667,5,United Kingdom,2025-06-09 22:56:00,171,3,6080.18,2,Inactive / At-Risk
C10043,9670.71,2,12,4835.355,7,United Kingdom,2025-05-27 09:45:00,185,2,9670.71,2,Inactive / At-Risk
C10044,11581.619999999999,2,13,5790.8099999999995,6,United Kingdom,2025-04-23 20:14:00,218,2,11581.619999999999,2,Inactive / At-Risk
C10045,11177.9,3,20,3725.966666666666,7,United Kingdom,2025-05-28 16:01:00,184,3,11177.9,2,Inactive / At-Risk
C10046,33107.76,4,46,8276.94,9,United Kingdom,2025-02-28 08:54:00,273,4,33107.76,1,High Value Loyal
C10047,9296.14,2,14,4648.070000000001,4,United Kingdom,2025-05-20 09:18:00,192,2,9296.14,2,Inactive / At-Risk
C10048,24667.88,1,31,24667.88,5,United Kingdom,2025-01-29 15:38:00,303,1,24667.88,2,Inactive / At-Risk
C10049,13512.23,1,9,13512.23,3,India,2025-02-15 10:58:00,286,1,13512.23,2,Inactive / At-Risk
C10050,4796.66,2,7,2398.33,3,United Kingdom,2025-02-27 21:33:00,273,2,4796.66,2,Inactive / At-Risk
C10051,7838.55,1,12,7838.55,5,United Kingdom,2025-11-07 19:31:00,20,1,7838.55,0,Regular / Occasional Buyer
C10054,6096.74,1,7,6096.74,3,Portugal,2025-05-16 18:34:00,196,1,6096.74,2,Inactive / At-Risk
C10055,3144.7200000000003,1,7,3144.7200000000003,2,India,2025-03-09 22:31:00,263,1,3144.7200000000003,2,Inactive / At-Risk
C10056,4359.58,2,11,2179.79,4,India,2025-06-13 19:29:00,167,2,4359.58,2,Inactive / At-Risk
C10057,1581.78,1,3,1581.78,1,United Kingdom,2025-11-17 15:20:00,11,1,1581.78,0,Regular / Occasional Buyer
C10058,3577.16,1,2,3577.16,1,Germany,2025-02-19 13:30:00,282,1,3577.16,2,Inactive / At-Risk
C10059,13689.19,2,14,6844.595,4,United Kingdom,2025-08-15 18:42:00,105,2,13689.19,0,Regular / Occasional Buyer
C10060,13548.21,1,18,13548.21,8,United Kingdom,2025-03-24 13:13:00,249,1,13548.21,2,Inactive / At-Risk
C10061,7213.26,1,6,7213.26,2,Canada,2025-03-02 20:50:00,270,1,7213.26,2,Inactive / At-Risk
C10062,32858.71,4,59,8214.677499999998,10,India,2025-09-20 13:01:00,69,4,32858.71,1,High Value Loyal
C10063,27891.769999999997,3,40,9297.256666666668,10,United Kingdom,2025-05-30 10:05:00,182,3,27891.769999999997,1,High Value Loyal
C10064,35659.37,3,43,11886.456666666667,11,India,2025-07-15 14:21:00,136,3,35659.37,1,High Value Loyal
C10066,30582.429999999997,2,16,15291.215,4,France,2025-11-16 22:25:00,11,2,30582.429999999997,1,High Value Loyal
C10067,7914.46,1,13,7914.46,2,United Kingdom,2025-06-18 21:07:00,162,1,7914.46,2,Inactive / At-Risk
C10068,8119.380000000001,1,6,8119.380000000001,2,United Kingdom,2025-11-13 19:39:00,14,1,8119.380000000001,0,Regular / Occasional Buyer
C10070,9674.630000000001,2,14,4837.3150000000005,5,United Kingdom,2025-09-27 16:32:00,62,2,9674.630000000001,0,Regular / Occasional Buyer
C10071,6065.3,1,7,6065.3,2,United Kingdom,2025-09-15 10:29:00,74,1,6065.3,0,Regular / Occasional Buyer
C10072,3264.27,1,5,3264.27,2,Portugal,2025-08-24 13:09:00,96,1,3264.27,0,Regular / Occasional Buyer
C10073,2645.6,1,4,2645.6,1,Netherlands,2025-01-03 21:24:00,328,1,2645.6,2,Inactive / At-Risk
C10074,4900.28,3,10,1633.4266666666665,4,United Kingdom,2025-11-25 14:56:00,3,3,4900.28,0,Regular / Occasional Buyer
C10075,7622.620000000001,1,13,7622.620000000001,3,India,2025-01-13 14:24:00,319,1,7622.620000000001,2,Inactive / At-Risk
C10076,9834.92,1,12,9834.92,3,United Kingdom,2025-08-08 13:31:00,112,1,9834.92,0,Regular / Occasional Buyer
C10077,17236.48,3,11,5745.493333333333,5,Spain,2025-10-07 12:19:00,52,3,17236.48,1,High Value Loyal
C10080,13147.76,3,17,4382.586666666667,6,United Kingdom,2025-10-16 09:03:00,43,3,13147.76,0,Regular / Occasional Buyer
C10081,11131.09,1,21,11131.09,4,United Kingdom,2025-07-22 22:54:00,128,1,11131.09,0,Regular / Occasional Buyer
C10082,3934.63,1,5,3934.63,2,United Kingdom,2025-07-08 19:35:00,142,1,3934.63,2,Inactive / At-Risk
C10083,11108.77,2,14,5554.385,5,India,2025-07-20 22:11:00,130,2,11108.77,0,Regular / Occasional Buyer
C10084,11986.84,3,17,3995.6133333333332,6,Netherlands,2025-10-29 09:38:00,30,3,11986.84,0,Regular / Occasional Buyer
C10086,5303.469999999999,2,7,2651.7349999999997,3,United Kingdom,2025-11-10 20:32:00,17,2,5303.469999999999,0,Regular / Occasional Buyer
C10087,10036.68,2,12,5018.34,6,Singapore,2025-11-20 15:47:00,8,2,10036.68,0,Regular / Occasional Buyer
C10088,9070.11,2,56,4535.055,4,United Kingdom,2025-04-29 10:20:00,213,2,9070.11,2,Inactive / At-Risk
C10089,12381.25,1,17,12381.25,8,United Kingdom,2025-02-03 12:25:00,298,1,12381.25,2,Inactive / At-Risk
C10091,43040.799999999996,4,73,10760.2,12,United Kingdom,2025-11-03 13:29:00,25,4,43040.799999999996,1,High Value Loyal
C10092,2932.17,1,4,2932.17,2,India,2025-10-31 22:18:00,27,1,2932.17,0,Regular / Occasional Buyer
C10093,30079.25,2,34,15039.624999999998,10,France,2025-07-21 16:29:00,130,2,30079.25,1,High Value Loyal
C10094,23375.72,2,41,11687.859999999999,9,United Kingdom,2025-04-19 18:40:00,223,2,23375.72,2,Inactive / At-Risk
C10095,3142.05,2,5,1571.025,3,United Kingdom,2025-10-21 22:59:00,37,2,3142.05,0,Regular / Occasional Buyer
C10097,8524.800000000001,1,6,8524.800000000001,2,Singapore,2025-07-04 15:15:00,147,1,8524.800000000001,2,Inactive / At-Risk
C10098,1749.6399999999999,2,4,874.8199999999999,3,United Kingdom,2025-07-25 14:57:00,126,2,1749.6399999999999,0,Regular / Occasional Buyer
C10099,2812.42,2,5,1406.21,4,Canada,2025-06-16 12:45:00,165,2,2812.42,2,Inactive / At-Risk
C10100,29454.91,3,37,9818.303333333333,10,Netherlands,2025-08-16 10:19:00,104,3,29454.91,1,High Value Loyal
C10101,23502.25,4,31,5875.5625,9,United Kingdom,2025-10-28 10:11:00,31,4,23502.25,1,High Value Loyal
C10102,4117.53,1,3,4117.53,1,Germany,2025-08-16 11:44:00,104,1,4117.53,0,Regular / Occasional Buyer
C10103,9298.1,2,18,4649.05,6,India,2025-10-31 11:28:00,28,2,9298.1,0,Regular / Occasional Buyer
C10104,8238.29,3,16,2746.096666666667,5,United Kingdom,2025-08-03 20:58:00,116,3,8238.29,0,Regular / Occasional Buyer
C10105,10112.64,1,12,10112.64,3,United Kingdom,2025-10-25 20:51:00,33,1,10112.64,0,Regular / Occasional Buyer
C10106,1815.4,2,4,907.7,4,India,2025-09-24 20:42:00,64,2,1815.4,0,Regular / Occasional Buyer
C10107,5160.4,1,7,5160.4,4,United Kingdom,2025-08-17 13:14:00,103,1,5160.4,0,Regular / Occasional Buyer
C10108,2520.6800000000003,1,5,2520.6800000000003,3,United Kingdom,2025-04-09 08:05:00,233,1,2520.6800000000003,2,Inactive / At-Risk
C10109,10504.189999999999,1,11,10504.189999999999,5,United Kingdom,2025-11-09 17:50:00,19,1,10504.189999999999,0,Regular / Occasional Buyer
C10110,17646.0,2,22,8823.0,4,Australia,2025-11-15 09:21:00,13,2,17646.0,0,Regular / Occasional Buyer
C10111,13408.47,4,19,3352.1174999999994,8,Netherlands,2025-10-22 21:37:00,36,4,13408.47,1,High Value Loyal
C10112,20702.33,3,35,6900.776666666666,9,United Kingdom,2025-07-20 08:59:00,131,3,20702.33,1,High Value Loyal
C10113,998.1,1,2,998.1,1,United Kingdom,2025-01-06 20:33:00,325,1,998.1,2,Inactive / At-Risk
C10114,9292.01,1,9,9292.01,4,United Kingdom,2025-10-20 12:11:00,39,1,9292.01,0,Regular / Occasional Buyer
C10115,2370.12,1,4,2370.12,1,Spain,2025-08-01 09:27:00,119,1,2370.12,0,Regular / Occasional Buyer
C10116,31381.94,6,42,5230.323333333333,10,Netherlands,2025-11-27 18:35:00,1,6,31381.94,1,High Value Loyal
C10117,10224.93,2,5,5112.465,1,United Kingdom,2025-03-17 22:28:00,255,2,10224.93,2,Inactive / At-Risk
C10118,10000.71,1,6,10000.71,2,India,2025-06-20 15:28:00,161,1,10000.71,2,Inactive / At-Risk
C10119,4477.6,2,5,2238.8,5,India,2025-06-03 16:35:00,178,2,4477.6,2,Inactive / At-Risk
C10120,19286.25,4,24,4821.5625,7,United Kingdom,2025-10-05 09:22:00,54,4,19286.25,1,High Value Loyal
C10121,17973.41,3,39,5991.136666666666,12,Germany,2025-08-23 20:26:00,96,3,17973.41,1,High Value Loyal
C10122,12865.42,3,16,4288.473333333333,7,United Kingdom,2025-11-05 21:26:00,22,3,12865.42,0,Regular / Occasional Buyer
C10123,3227.35,1,11,3227.3499999999995,3,France,2025-05-22 15:04:00,190,1,3227.35,2,Inactive / At-Risk
C10124,5132.26,1,6,5132.26,2,United Kingdom,2025-08-03 12:48:00,117,1,5132.26,0,Regular / Occasional Buyer
C10125,3249.64,2,5,1624.82,2,United Kingdom,2025-05-07 12:33:00,205,2,3249.64,2,Inactive / At-Risk
C10126,29888.760000000002,4,38,7472.1900000000005,11,United Kingdom,2025-09-29 12:44:00,60,4,29888.760000000002,1,High Value Loyal
C10127,15971.04,2,12,7985.52,4,United Kingdom,2025-08-05 15:10:00,115,2,15971.04,0,Regular / Occasional Buyer
C10129,12169.75,1,16,12169.749999999998,6,Netherlands,2025-09-29 16:51:00,60,1,12169.75,0,Regular / Occasional Buyer
C10131,1281.88,1,2,1281.88,1,United Kingdom,2025-09-06 19:29:00,82,1,1281.88,0,Regular / Occasional Buyer
C10132,16386.59,2,31,8193.295,7,United Kingdom,2025-06-06 19:00:00,175,2,16386.59,2,Inactive / At-Risk
C10133,11096.04,2,25,5548.02,5,Netherlands,2025-11-22 18:28:00,6,2,11096.04,0,Regular / Occasional Buyer
C10134,14197.31,3,23,4732.4366666666665,7,Portugal,2025-08-22 19:13:00,98,3,14197.31,0,Regular / Occasional Buyer
C10135,33505.61,3,37,11168.536666666667,9,United Kingdom,2025-11-01 12:17:00,27,3,33505.61,1,High Value Loyal
C10137,4436.31,1,6,4436.31,3,United Kingdom,2025-03-30 13:23:00,243,1,4436.31,2,Inactive / At-Risk
C10138,13301.57,2,17,6650.785000000001,3,Germany,2025-02-17 12:28:00,284,2,13301.57,2,Inactive / At-Risk
C10140,3616.59,2,9,1808.2949999999998,4,United Kingdom,2025-11-11 22:33:00,16,2,3616.59,0,Regular / Occasional Buyer
C10141,11011.18,1,20,11011.18,5,United Kingdom,2025-11-25 20:26:00,2,1,11011.18,0,Regular / Occasional Buyer
C10142,15645.970000000001,1,23,15645.970000000001,6,United Kingdom,2025-03-19 08:52:00,254,1,15645.970000000001,2,Inactive / At-Risk
C10143,14609.48,3,16,4869.826666666667,4,United Kingdom,2025-10-28 17:05:00,31,3,14609.48,0,Regular / Occasional Buyer
C10144,19516.52,2,23,9758.26,6,Netherlands,2025-07-03 11:40:00,148,2,19516.52,0,Regular / Occasional Buyer
C10145,7233.36,1,8,7233.36,1,United Kingdom,2025-04-15 10:05:00,227,1,7233.36,2,Inactive / At-Risk
C10146,36093.9,3,37,12031.300000000001,12,United Kingdom,2025-11-21 08:05:00,7,3,36093.9,1,High Value Loyal
C10147,55598.45,5,43,11119.689999999999,14,United Kingdom,2025-11-13 14:27:00,15,5,55598.45,1,High Value Loyal
C10148,15625.84,2,13,7812.92,4,Germany,2025-10-28 21:07:00,30,2,15625.84,0,Regular / Occasional Buyer
C10149,18511.309999999998,2,15,9255.655,6,United Kingdom,2025-11-01 09:42:00,27,2,18511.309999999998,0,Regular / Occasional Buyer
C10150,4422.950000000001,1,8,4422.950000000001,3,United Kingdom,2025-01-16 08:41:00,316,1,4422.950000000001,2,Inactive / At-Risk
C10151,75552.3,4,64,18888.075,14,Singapore,2025-10-17 19:58:00,41,4,75552.3,1,High Value Loyal
C10152,13029.59,1,9,13029.59,2,India,2025-04-02 13:55:00,240,1,13029.59,2,Inactive / At-Risk
C10153,8418.74,1,16,8418.74,4,United Kingdom,2025-06-11 12:18:00,170,1,8418.74,2,Inactive / At-Risk
C10154,3245.17,2,10,1622.5849999999998,4,United Kingdom,2025-06-20 09:37:00,161,2,3245.17,2,Inactive / At-Risk
C10155,376.79,1,1,376.79,1,United Kingdom,2025-03-31 21:48:00,241,1,376.79,2,Inactive / At-Risk
C10157,19045.78,2,26,9522.890000000001,6,United Kingdom,2025-11-17 14:50:00,11,2,19045.78,0,Regular / Occasional Buyer
C10159,23943.16,2,20,11971.580000000002,5,United Kingdom,2025-02-03 10:44:00,298,2,23943.16,2,Inactive / At-Risk
C10163,10716.94,2,13,5358.47,6,United Kingdom,2025-09-27 22:10:00,61,2,10716.94,0,Regular / Occasional Buyer
C10167,3081.57,1,3,3081.57,1,United Kingdom,2025-11-13 16:38:00,15,1,3081.57,0,Regular / Occasional Buyer
C10168,19389.51,2,21,9694.755000000001,8,India,2025-08-13 19:59:00,106,2,19389.51,0,Regular / Occasional Buyer
C10169,8071.469999999999,1,6,8071.469999999999,2,United Kingdom,2025-09-04 16:50:00,85,1,8071.469999999999,0,Regular / Occasional Buyer
C10170,6307.09,2,8,3153.545,4,United Kingdom,2025-02-08 20:31:00,292,2,6307.09,2,Inactive / At-Risk
C10171,7636.52,2,9,3818.26,4,Portugal,2025-07-31 15:56:00,120,2,7636.52,0,Regular / Occasional Buyer
C10173,12493.37,4,20,3123.3424999999997,8,United Kingdom,2025-10-31 11:25:00,28,4,12493.37,1,High Value Loyal
C10174,5751.19,1,12,5751.19,6,France,2025-10-21 08:42:00,38,1,5751.19,0,Regular / Occasional Buyer
C10175,8823.42,1,8,8823.42,4,France,2025-01-27 11:55:00,305,1,8823.42,2,Inactive / At-Risk
C10176,12657.79,2,16,6328.895,7,United Kingdom,2025-02-21 19:27:00,280,2,12657.79,2,Inactive / At-Risk
C10177,12046.929999999998,4,14,3011.7325,8,United Kingdom,2025-11-17 18:23:00,11,4,12046.929999999998,1,High Value Loyal
C10178,443.0,1,1,443.0,1,United Kingdom,2025-11-25 13:47:00,3,1,443.0,0,Regular / Occasional Buyer
C10179,3938.58,1,6,3938.58,3,United Kingdom,2025-02-27 14:36:00,274,1,3938.58,2,Inactive / At-Risk
C10180,31548.2,5,78,6309.64,11,United Kingdom,2025-09-17 22:37:00,71,5,31548.2,1,High Value Loyal
C10181,5244.82,3,13,1748.2733333333333,4,Germany,2025-11-12 14:22:00,16,3,5244.82,0,Regular / Occasional Buyer
C10182,9261.04,3,19,3087.013333333333,7,India,2025-10-24 10:46:00,35,3,9261.04,0,Regular / Occasional Buyer
C10184,1387.52,2,5,693.76,3,United Kingdom,2025-09-07 19:25:00,82,2,1387.52,0,Regular / Occasional Buyer
C10185,22008.440000000002,2,23,11004.22,9,United Kingdom,2025-08-17 17:52:00,103,2,22008.440000000002,0,Regular / Occasional Buyer
C10186,3857.17,1,3,3857.17,2,United Kingdom,2025-08-26 15:45:00,94,1,3857.17,0,Regular / Occasional Buyer
C10187,19584.760000000002,1,16,19584.760000000002,5,Netherlands,2025-04-21 12:13:00,221,1,19584.760000000002,2,Inactive / At-Risk
C10189,5657.96,2,16,2828.98,5,United Kingdom,2025-05-14 12:41:00,198,2,5657.96,2,Inactive / At-Risk
C10190,1535.6,1,5,1535.6,1,United Kingdom,2025-09-17 08:05:00,72,1,1535.6,0,Regular / Occasional Buyer
C10191,2783.79,2,3,1391.895,2,United Kingdom,2025-08-15 12:52:00,105,2,2783.79,0,Regular / Occasional Buyer
C10193,13843.78,1,14,13843.78,5,United Kingdom,2025-07-26 15:33:00,125,1,13843.78,0,Regular / Occasional Buyer
C10195,32734.32,3,37,10911.44,10,United Kingdom,2025-10-13 18:53:00,46,3,32734.32,1,High Value Loyal
C10197,923.44,1,1,923.44,1,United Kingdom,2025-04-10 19:47:00,231,1,923.44,2,Inactive / At-Risk
C10198,2389.98,1,3,2389.98,2,United Kingdom,2025-06-06 14:33:00,175,1,2389.98,2,Inactive / At-Risk
C10199,23013.53,2,31,11506.765,9,Singapore,2025-04-06 09:46:00,236,2,23013.53,2,Inactive / At-Risk
C10200,18445.02,2,22,9222.509999999998,7,EIRE,2025-08-09 14:35:00,111,2,18445.02,0,Regular / Occasional Buyer
C10201,8557.65,2,15,4278.825,4,Australia,2025-05-20 15:27:00,192,2,8557.65,2,Inactive / At-Risk
C10202,10506.64,1,12,10506.640000000001,5,Spain,2025-07-18 22:54:00,132,1,10506.64,0,Regular / Occasional Buyer
C10204,29003.38,4,58,7250.844999999999,13,United Kingdom,2025-04-17 10:26:00,225,4,29003.38,1,High Value Loyal
C10205,39422.36,5,31,7884.472,10,United Kingdom,2025-11-22 22:18:00,5,5,39422.36,1,High Value Loyal
C10206,17811.54,1,14,17811.54,8,United Kingdom,2025-08-24 09:18:00,96,1,17811.54,0,Regular / Occasional Buyer
C10207,5613.77,2,11,2806.885,2,United Kingdom,2025-10-21 22:18:00,37,2,5613.77,0,Regular / Occasional Buyer
C10208,5442.9,2,7,2721.45,4,United Kingdom,2025-08-20 21:15:00,99,2,5442.9,0,Regular / Occasional Buyer
C10211,20348.199999999997,1,22,20348.199999999997,3,United Kingdom,2025-10-17 10:46:00,42,1,20348.199999999997,0,Regular / Occasional Buyer
C10212,15503.91,2,24,7751.955,3,France,2025-10-08 19:31:00,50,2,15503.91,0,Regular / Occasional Buyer
C10213,2205.75,1,5,2205.75,2,United Kingdom,2025-08-04 13:15:00,116,1,2205.75,0,Regular / Occasional Buyer
C10214,38228.97,2,25,19114.484999999997,4,United Kingdom,2025-10-15 17:44:00,44,2,38228.97,1,High Value Loyal
C10215,8746.57,1,9,8746.57,4,Australia,2025-07-24 19:59:00,126,1,8746.57,0,Regular / Occasional Buyer
C10218,18165.600000000002,1,15,18165.600000000002,2,Germany,2025-09-02 14:16:00,87,1,18165.600000000002,0,Regular / Occasional Buyer
C10219,1164.68,1,1,1164.68,1,United Kingdom,2025-02-24 13:20:00,277,1,1164.68,2,Inactive / At-Risk
C10220,18341.97,3,26,6113.990000000001,9,United Kingdom,2025-06-11 08:49:00,170,3,18341.97,1,High Value Loyal
C10221,1149.56,1,4,1149.56,1,Australia,2025-10-20 18:23:00,39,1,1149.56,0,Regular / Occasional Buyer
C10222,5613.89,4,8,1403.4725,4,United Kingdom,2025-11-21 21:34:00,6,4,5613.89,0,Regular / Occasional Buyer
C10223,835.54,1,1,835.54,1,United Kingdom,2025-02-04 12:49:00,297,1,835.54,2,Inactive / At-Risk
C10224,23057.61,3,31,7685.87,8,Germany,2025-09-19 22:49:00,69,3,23057.61,1,High Value Loyal
C10225,15509.28,1,12,15509.28,1,United Kingdom,2025-08-13 19:15:00,107,1,15509.28,0,Regular / Occasional Buyer
C10226,3520.93,1,10,3520.9299999999994,5,India,2025-07-08 19:21:00,143,1,3520.93,2,Inactive / At-Risk
C10227,12191.85,2,19,6095.924999999999,5,United Kingdom,2025-06-22 22:39:00,158,2,12191.85,2,Inactive / At-Risk
C10228,9557.48,2,14,4778.74,6,EIRE,2025-04-24 08:27:00,218,2,9557.48,2,Inactive / At-Risk
C10229,1477.06,1,4,1477.06,2,United Kingdom,2025-10-29 19:54:00,29,1,1477.06,0,Regular / Occasional Buyer
C10231,21691.38,1,21,21691.38,2,United Kingdom,2025-02-16 21:14:00,284,1,21691.38,2,Inactive / At-Risk
C10232,5511.09,2,10,2755.545,5,United Kingdom,2025-05-31 12:38:00,181,2,5511.09,2,Inactive / At-Risk
C10234,28097.69,3,27,9365.896666666666,7,India,2025-05-11 16:53:00,201,3,28097.69,1,High Value Loyal
C10235,17401.55,2,30,8700.775,6,United Kingdom,2025-10-21 20:28:00,37,2,17401.55,0,Regular / Occasional Buyer
C10236,5509.54,1,7,5509.54,3,United Kingdom,2025-10-01 21:07:00,57,1,5509.54,0,Regular / Occasional Buyer
C10237,44009.159999999996,3,33,14669.72,9,Netherlands,2025-11-03 19:15:00,25,3,44009.159999999996,1,High Value Loyal
C10238,13454.48,3,18,4484.826666666667,7,United Kingdom,2025-08-10 15:23:00,110,3,13454.48,0,Regular / Occasional Buyer
C10240,28266.57,4,35,7066.6425,8,India,2025-11-27 13:39:00,1,4,28266.57,1,High Value Loyal
C10241,929.21,1,2,929.21,2,United Kingdom,2025-02-03 16:28:00,298,1,929.21,2,Inactive / At-Risk
C10242,5875.1,1,17,5875.099999999999,3,India,2025-07-04 19:32:00,146,1,5875.1,2,Inactive / At-Risk
C10243,16139.220000000001,2,12,8069.610000000001,2,United Kingdom,2025-08-13 18:10:00,107,2,16139.220000000001,0,Regular / Occasional Buyer
C10244,20334.0,2,14,10167.0,5,Portugal,2025-06-11 10:00:00,170,2,20334.0,2,Inactive / At-Risk
C10245,13951.369999999999,2,19,6975.6849999999995,7,United Kingdom,2025-09-21 13:58:00,68,2,13951.369999999999,0,Regular / Occasional Buyer
C10247,7559.08,2,17,3779.54,4,United Kingdom,2025-10-27 09:00:00,32,2,7559.08,0,Regular / Occasional Buyer
C10248,79880.85,2,64,39940.425,6,United Kingdom,2025-09-03 16:17:00,86,2,79880.85,1,High Value Loyal
C10249,10023.76,4,22,2505.94,7,India,2025-10-12 16:07:00,47,4,10023.76,1,High Value Loyal
C10250,9053.52,1,9,9053.52,3,United Kingdom,2025-04-27 10:54:00,215,1,9053.52,2,Inactive / At-Risk
C10251,9444.32,1,7,9444.32,4,United Kingdom,2025-11-18 14:54:00,10,1,9444.32,0,Regular / Occasional Buyer
C10253,851.57,1,1,851.57,1,United Kingdom,2025-07-15 22:44:00,135,1,851.57,2,Inactive / At-Risk
C10254,3204.58,1,8,3204.58,4,United Kingdom,2025-08-30 09:02:00,90,1,3204.58,0,Regular / Occasional Buyer
C10255,13475.36,3,21,4491.786666666667,6,Singapore,2025-09-13 14:59:00,76,3,13475.36,0,Regular / Occasional Buyer
C10256,5844.3099999999995,2,15,2922.1549999999997,6,Singapore,2025-01-17 19:32:00,314,2,5844.3099999999995,2,Inactive / At-Risk
C10258,18889.28,3,18,6296.426666666666,4,United Kingdom,2025-09-28 14:38:00,61,3,18889.28,1,High Value Loyal
C10259,2159.0,1,2,2159.0,1,United Kingdom,2025-02-02 08:24:00,299,1,2159.0,2,Inactive / At-Risk
C10260,4310.13,1,7,4310.13,3,Portugal,2025-10-28 14:18:00,31,1,4310.13,0,Regular / Occasional Buyer
C10261,9931.33,3,22,3310.443333333333,6,Netherlands,2025-09-10 18:37:00,79,3,9931.33,0,Regular / Occasional Buyer
C10262,42550.77,5,52,8510.154,13,Netherlands,2025-08-18 17:48:00,102,5,42550.77,1,High Value Loyal
C10264,3510.63,1,4,3510.63,2,United Kingdom,2025-02-07 20:57:00,293,1,3510.63,2,Inactive / At-Risk
C10265,3734.69,1,3,3734.69,2,EIRE,2025-07-14 16:54:00,137,1,3734.69,2,Inactive / At-Risk
C10266,17676.51,3,27,5892.170000000001,9,India,2025-08-10 13:26:00,110,3,17676.51,1,High Value Loyal
C10268,29904.79,3,35,9968.263333333334,6,Canada,2025-10-17 11:52:00,42,3,29904.79,1,High Value Loyal
C10269,21113.43,2,27,10556.715,5,India,2025-11-13 10:05:00,15,2,21113.43,0,Regular / Occasional Buyer
C10270,8311.94,2,12,4155.97,5,United Kingdom,2025-08-29 08:08:00,91,2,8311.94,0,Regular / Occasional Buyer
C10271,1734.65,1,5,1734.65,2,France,2025-10-19 14:46:00,40,1,1734.65,0,Regular / Occasional Buyer
C10273,11482.859999999999,2,10,5741.429999999999,3,India,2025-07-31 12:43:00,120,2,11482.859999999999,0,Regular / Occasional Buyer
C10275,29221.98,1,41,29221.979999999996,8,United Kingdom,2025-02-12 18:11:00,289,1,29221.98,2,Inactive / At-Risk
C10276,7134.7699999999995,1,15,7134.77,4,United Kingdom,2025-04-04 19:43:00,237,1,7134.7699999999995,2,Inactive / At-Risk
C10277,3237.4300000000003,1,3,3237.4300000000003,2,United Kingdom,2025-08-05 08:43:00,115,1,3237.4300000000003,0,Regular / Occasional Buyer
C10278,3893.95,2,9,1946.975,3,United Kingdom,2025-09-10 14:01:00,79,2,3893.95,0,Regular / Occasional Buyer
C10279,3714.16,2,10,1857.08,4,United Kingdom,2025-04-30 09:12:00,212,2,3714.16,2,Inactive / At-Risk
C10280,19932.81,4,27,4983.2025,9,India,2025-10-21 16:54:00,38,4,19932.81,1,High Value Loyal
C10281,12085.34,3,25,4028.4466666666667,11,Germany,2025-02-17 18:23:00,284,3,12085.34,2,Inactive / At-Risk
C10282,11544.34,1,11,11544.340000000002,5,United Kingdom,2025-07-14 20:04:00,136,1,11544.34,0,Regular / Occasional Buyer
C10283,1472.83,1,3,1472.8300000000002,3,India,2025-02-15 20:38:00,285,1,1472.83,2,Inactive / At-Risk
C10284,9184.32,1,14,9184.320000000002,6,United Kingdom,2025-05-14 18:45:00,198,1,9184.32,2,Inactive / At-Risk
C10285,10454.03,2,11,5227.015,7,United Kingdom,2025-11-08 22:51:00,19,2,10454.03,0,Regular / Occasional Buyer
C10286,15401.88,3,34,5133.96,10,Spain,2025-09-05 12:58:00,84,3,15401.88,0,Regular / Occasional Buyer
C10287,13356.83,1,9,13356.83,2,EIRE,2025-08-02 18:01:00,118,1,13356.83,0,Regular / Occasional Buyer
C10288,45549.990000000005,2,56,22774.995000000003,11,United Kingdom,2025-09-09 15:37:00,80,2,45549.990000000005,1,High Value Loyal
C10289,32308.660000000003,3,34,10769.553333333335,10,United Kingdom,2025-05-27 22:21:00,184,3,32308.660000000003,1,High Value Loyal
C10291,14005.859999999999,2,21,7002.93,6,United Kingdom,2025-11-02 09:46:00,26,2,14005.859999999999,0,Regular / Occasional Buyer
C10292,46169.9,4,40,11542.475,12,France,2025-03-25 17:16:00,248,4,46169.9,1,High Value Loyal
C10293,4214.68,1,10,4214.68,5,India,2025-09-20 21:20:00,68,1,4214.68,0,Regular / Occasional Buyer
C10296,15708.57,3,33,5236.19,10,United Kingdom,2025-10-28 20:51:00,30,3,15708.57,0,Regular / Occasional Buyer
C10297,8138.740000000001,1,8,8138.74,4,United Kingdom,2025-05-13 08:11:00,199,1,8138.740000000001,2,Inactive / At-Risk
C10299,1739.44,1,4,1739.44,2,United Kingdom,2025-07-31 22:31:00,119,1,1739.44,0,Regular / Occasional Buyer
C10301,5390.87,2,20,2695.4349999999995,6,Spain,2025-06-14 09:05:00,167,2,5390.87,2,Inactive / At-Risk
C10303,17091.07,3,19,5697.0233333333335,9,EIRE,2025-07-08 17:14:00,143,3,17091.07,1,High Value Loyal
C10304,1853.98,1,6,1853.98,2,India,2025-06-26 20:25:00,154,1,1853.98,2,Inactive / At-Risk
C10305,12356.95,2,18,6178.475,10,United Kingdom,2025-11-14 20:57:00,13,2,12356.95,0,Regular / Occasional Buyer
C10306,36248.33,3,44,12082.776666666667,11,United Kingdom,2025-08-21 15:54:00,99,3,36248.33,1,High Value Loyal
C10307,21837.879999999997,2,27,10918.939999999999,9,United Kingdom,2025-10-31 13:32:00,28,2,21837.879999999997,0,Regular / Occasional Buyer
C10309,4310.2699999999995,2,7,2155.1349999999998,4,France,2025-03-04 08:15:00,269,2,4310.2699999999995,2,Inactive / At-Risk
C10310,4883.06,1,3,4883.06,2,Netherlands,2025-05-21 11:45:00,191,1,4883.06,2,Inactive / At-Risk
C10311,7170.49,2,17,3585.245,6,Netherlands,2025-11-26 11:28:00,2,2,7170.49,0,Regular / Occasional Buyer
C10312,21743.55,2,21,10871.775,8,United Kingdom,2025-11-08 22:29:00,19,2,21743.55,0,Regular / Occasional Buyer
C10313,3206.66,1,7,3206.6600000000003,4,United Kingdom,2025-11-26 16:52:00,2,1,3206.66,0,Regular / Occasional Buyer
C10314,9400.18,3,19,3133.3933333333334,8,United Kingdom,2025-11-04 11:49:00,24,3,9400.18,0,Regular / Occasional Buyer
C10315,11085.28,2,12,5542.639999999999,7,France,2025-08-15 19:43:00,104,2,11085.28,0,Regular / Occasional Buyer
C10316,6482.29,3,7,2160.7633333333333,3,Netherlands,2025-11-25 22:55:00,2,3,6482.29,0,Regular / Occasional Buyer
C10318,10848.21,2,16,5424.105,5,India,2025-09-21 14:52:00,68,2,10848.21,0,Regular / Occasional Buyer
C10319,12500.93,2,20,6250.465,6,United Kingdom,2025-09-01 15:57:00,88,2,12500.93,0,Regular / Occasional Buyer
C10320,8666.9,2,7,4333.45,4,Spain,2025-11-10 08:57:00,18,2,8666.9,0,Regular / Occasional Buyer
C10321,5850.08,1,8,5850.079999999999,3,Netherlands,2025-07-21 17:47:00,130,1,5850.08,0,Regular / Occasional Buyer
C10323,5743.25,2,7,2871.625,2,France,2025-11-23 13:54:00,5,2,5743.25,0,Regular / Occasional Buyer
C10324,1722.4699999999998,1,3,1722.4699999999998,2,Netherlands,2025-10-26 22:53:00,32,1,1722.4699999999998,0,Regular / Occasional Buyer
C10326,12759.439999999999,2,12,6379.719999999999,4,Germany,2025-09-27 11:11:00,62,2,12759.439999999999,0,Regular / Occasional Buyer
C10327,32933.450000000004,2,75,16466.725000000002,4,United Kingdom,2025-10-29 20:58:00,29,2,32933.450000000004,1,High Value Loyal
C10328,4305.7,2,6,2152.85,3,Portugal,2025-08-30 11:35:00,90,2,4305.7,0,Regular / Occasional Buyer
C10330,29557.33,2,44,14778.664999999999,6,Netherlands,2025-11-24 16:58:00,4,2,29557.33,1,High Value Loyal
C10331,19510.489999999998,2,39,9755.244999999999,9,France,2025-03-11 10:46:00,262,2,19510.489999999998,2,Inactive / At-Risk
C10332,11069.29,3,17,3689.763333333333,6,United Kingdom,2025-10-25 21:51:00,33,3,11069.29,0,Regular / Occasional Buyer
C10333,16511.56,3,26,5503.8533333333335,6,France,2025-08-23 19:40:00,96,3,16511.56,1,High Value Loyal
C10336,4321.59,1,7,4321.59,2,EIRE,2025-07-18 18:25:00,133,1,4321.59,0,Regular / Occasional Buyer
C10337,4846.74,1,5,4846.74,3,United Kingdom,2025-03-10 12:20:00,263,1,4846.74,2,Inactive / At-Risk
C10338,8733.24,2,12,4366.62,5,France,2025-11-10 20:51:00,17,2,8733.24,0,Regular / Occasional Buyer
C10339,30611.48,2,35,15305.74,11,United Kingdom,2025-04-30 17:51:00,212,2,30611.48,2,Inactive / At-Risk
C10340,19954.26,2,18,9977.130000000001,6,United Kingdom,2025-08-17 09:19:00,103,2,19954.26,0,Regular / Occasional Buyer
C10341,1461.93,1,3,1461.93,1,France,2025-09-16 12:33:00,73,1,1461.93,0,Regular / Occasional Buyer
C10342,17778.86,2,24,8889.43,9,United Kingdom,2025-10-06 13:55:00,53,2,17778.86,0,Regular / Occasional Buyer
C10346,1692.5700000000002,1,3,1692.5700000000002,1,Netherlands,2025-01-16 08:48:00,316,1,1692.5700000000002,2,Inactive / At-Risk
C10347,9251.99,3,15,3083.9966666666664,7,Australia,2025-07-24 09:24:00,127,3,9251.99,0,Regular / Occasional Buyer
C10348,5432.18,1,2,5432.18,1,United Kingdom,2025-04-27 12:01:00,215,1,5432.18,2,Inactive / At-Risk
C10349,455.98,1,2,455.98,1,India,2025-03-25 09:45:00,248,1,455.98,2,Inactive / At-Risk
C10350,11488.82,2,15,5744.41,5,United Kingdom,2025-10-04 18:53:00,55,2,11488.82,0,Regular / Occasional Buyer
C10352,9468.44,2,18,4734.22,7,United Kingdom,2025-08-05 16:57:00,115,2,9468.44,0,Regular / Occasional Buyer
C10354,13940.76,2,27,6970.38,6,United Kingdom,2025-10-26 12:03:00,33,2,13940.76,0,Regular / Occasional Buyer
C10355,18045.45,2,19,9022.725,5,Canada,2025-05-31 13:31:00,181,2,18045.45,2,Inactive / At-Risk
C10356,27577.940000000002,2,17,13788.970000000001,5,United Kingdom,2025-07-07 15:40:00,144,2,27577.940000000002,1,High Value Loyal
C10357,8651.6,2,17,4325.799999999999,6,Australia,2025-08-11 14:59:00,109,2,8651.6,0,Regular / Occasional Buyer
C10358,1310.83,1,2,1310.83,2,United Kingdom,2025-05-22 22:52:00,189,1,1310.83,2,Inactive / At-Risk
C10359,7503.71,1,9,7503.71,4,United Kingdom,2025-06-03 12:42:00,178,1,7503.71,2,Inactive / At-Risk
C10360,3640.2200000000003,3,9,1213.4066666666665,5,United Kingdom,2025-11-21 09:21:00,7,3,3640.2200000000003,0,Regular / Occasional Buyer
C10361,7920.9400000000005,1,14,7920.9400000000005,5,Germany,2025-05-20 22:08:00,191,1,7920.9400000000005,2,Inactive / At-Risk
C10362,39581.62,5,48,7916.323999999999,15,United Kingdom,2025-11-10 12:11:00,18,5,39581.62,1,High Value Loyal
C10363,5740.780000000001,1,14,5740.780000000001,4,India,2025-02-26 22:47:00,274,1,5740.780000000001,2,Inactive / At-Risk
C10364,1019.29,1,4,1019.29,2,United Kingdom,2025-03-18 19:21:00,255,1,1019.29,2,Inactive / At-Risk
C10366,10803.82,1,12,10803.82,4,United Kingdom,2025-02-12 08:06:00,289,1,10803.82,2,Inactive / At-Risk
C10367,5279.21,1,7,5279.21,3,United Kingdom,2025-09-20 12:00:00,69,1,5279.21,0,Regular / Occasional Buyer
C10368,35623.35,5,87,7124.670000000001,9,India,2025-10-17 17:26:00,42,5,35623.35,1,High Value Loyal
C10369,1373.3500000000001,1,5,1373.3500000000001,2,United Kingdom,2025-07-15 08:31:00,136,1,1373.3500000000001,2,Inactive / At-Risk
C10370,4030.11,1,9,4030.11,3,Spain,2025-06-27 20:22:00,153,1,4030.11,2,Inactive / At-Risk
C10371,9236.33,2,16,4618.165,6,United Kingdom,2025-01-27 15:39:00,305,2,9236.33,2,Inactive / At-Risk
C10372,5179.77,1,6,5179.77,2,Germany,2025-02-19 16:37:00,282,1,5179.77,2,Inactive / At-Risk
C10373,5072.43,2,7,2536.215,3,Germany,2025-09-23 12:26:00,66,2,5072.43,0,Regular / Occasional Buyer
C10374,8284.79,2,17,4142.395,3,India,2025-06-11 14:10:00,170,2,8284.79,2,Inactive / At-Risk
C10375,13597.82,2,19,6798.910000000001,7,United Kingdom,2025-09-12 08:23:00,77,2,13597.82,0,Regular / Occasional Buyer
C10376,6863.82,1,12,6863.820000000001,6,United Kingdom,2025-07-24 18:49:00,127,1,6863.82,0,Regular / Occasional Buyer
C10377,18916.7,3,32,6305.566666666667,9,India,2025-07-02 19:33:00,148,3,18916.7,1,High Value Loyal
C10378,9415.220000000001,2,13,4707.610000000001,6,United Kingdom,2025-07-10 20:48:00,140,2,9415.220000000001,0,Regular / Occasional Buyer
C10379,45014.229999999996,4,36,11253.557499999999,12,United Kingdom,2025-09-30 08:20:00,59,4,45014.229999999996,1,High Value Loyal
C10380,13747.86,3,14,4582.62,7,EIRE,2025-11-17 15:45:00,11,3,13747.86,0,Regular / Occasional Buyer
C10382,271.04,1,1,271.04,1,United Kingdom,2025-01-31 16:43:00,301,1,271.04,2,Inactive / At-Risk
C10383,55774.29,2,51,27887.145000000004,10,United Kingdom,2025-11-07 18:53:00,21,2,55774.29,1,High Value Loyal
C10384,3778.57,2,5,1889.285,2,United Kingdom,2025-11-07 18:53:00,21,2,3778.57,0,Regular / Occasional Buyer
C10385,17919.420000000002,4,18,4479.855,8,United Kingdom,2025-10-22 17:38:00,37,4,17919.420000000002,1,High Value Loyal
C10386,20323.98,3,26,6774.66,4,United Kingdom,2025-11-04 13:24:00,24,3,20323.98,1,High Value Loyal
C10387,6753.3,1,9,6753.3,5,United Kingdom,2025-08-01 14:27:00,119,1,6753.3,0,Regular / Occasional Buyer
C10388,7751.0599999999995,1,14,7751.0599999999995,2,United Kingdom,2025-02-09 14:45:00,292,1,7751.0599999999995,2,Inactive / At-Risk
C10390,3886.65,1,5,3886.65,1,India,2025-06-22 11:34:00,159,1,3886.65,2,Inactive / At-Risk
C10391,59477.060000000005,2,41,29738.53,9,Spain,2025-07-25 09:39:00,126,2,59477.060000000005,1,High Value Loyal
C10393,10952.32,2,14,5476.16,5,United Kingdom,2025-05-30 17:29:00,182,2,10952.32,2,Inactive / At-Risk
C10394,11515.34,1,8,11515.34,2,United Kingdom,2025-09-19 17:10:00,70,1,11515.34,0,Regular / Occasional Buyer
C10395,704.8299999999999,1,2,704.8299999999999,2,United Kingdom,2025-10-19 18:50:00,40,1,704.8299999999999,0,Regular / Occasional Buyer
C10396,5255.64,1,6,5255.64,1,United Kingdom,2025-01-03 20:09:00,328,1,5255.64,2,Inactive / At-Risk
C10397,4347.0,1,12,4347.0,1,United Kingdom,2025-06-14 18:33:00,167,1,4347.0,2,Inactive / At-Risk
C10398,7686.5,1,10,7686.5,1,United Kingdom,2025-06-17 15:25:00,164,1,7686.5,2,Inactive / At-Risk
C10399,26212.26,5,38,5242.451999999999,10,India,2025-08-10 09:51:00,110,5,26212.26,1,High Value Loyal
C10400,2664.31,1,8,2664.31,3,United Kingdom,2025-04-12 08:49:00,230,1,2664.31,2,Inactive / At-Risk
C10401,5131.22,1,5,5131.22,2,United Kingdom,2025-08-19 11:38:00,101,1,5131.22,0,Regular / Occasional Buyer
C10402,5864.200000000001,2,14,2932.1,6,United Kingdom,2025-04-08 13:37:00,234,2,5864.200000000001,2,Inactive / At-Risk
C10403,24679.97,5,39,4935.994000000001,8,United Kingdom,2025-08-26 21:27:00,93,5,24679.97,1,High Value Loyal
C10404,51588.92,5,75,10317.784000000003,15,Spain,2025-09-28 14:09:00,61,5,51588.92,1,High Value Loyal
C10406,2822.84,1,4,2822.84,2,United Kingdom,2025-11-13 16:28:00,15,1,2822.84,0,Regular / Occasional Buyer
C10407,25509.71,5,24,5101.942,12,United Kingdom,2025-09-08 12:44:00,81,5,25509.71,1,High Value Loyal
C10409,7781.049999999999,1,13,7781.049999999999,5,India,2025-02-07 11:24:00,294,1,7781.049999999999,2,Inactive / At-Risk
C10410,6449.69,1,5,6449.69,2,United Kingdom,2025-04-12 20:22:00,229,1,6449.69,2,Inactive / At-Risk
C10411,13261.78,1,18,13261.779999999999,5,France,2025-09-26 09:25:00,63,1,13261.78,0,Regular / Occasional Buyer
C10412,43513.82,5,40,8702.764,9,Germany,2025-08-30 08:10:00,90,5,43513.82,1,High Value Loyal
C10413,22026.28,4,21,5506.57,7,India,2025-11-21 19:08:00,7,4,22026.28,1,High Value Loyal
C10416,34106.08,5,49,6821.216,14,United Kingdom,2025-10-28 22:45:00,30,5,34106.08,1,High Value Loyal
C10417,5757.07,2,12,2878.535,3,United Kingdom,2025-10-08 12:52:00,51,2,5757.07,0,Regular / Occasional Buyer
C10418,15989.53,2,31,7994.764999999999,7,United Kingdom,2025-07-04 16:14:00,147,2,15989.53,0,Regular / Occasional Buyer
C10419,28844.24,4,35,7211.060000000001,9,EIRE,2025-09-15 19:59:00,73,4,28844.24,1,High Value Loyal
C10420,6890.21,1,11,6890.21,2,United Kingdom,2025-04-08 11:51:00,234,1,6890.21,2,Inactive / At-Risk
C10421,8080.17,1,9,8080.17,3,United Kingdom,2025-05-21 12:56:00,191,1,8080.17,2,Inactive / At-Risk
C10422,20290.09,3,29,6763.363333333334,8,India,2025-10-17 18:50:00,42,3,20290.09,1,High Value Loyal
C10423,8149.86,3,14,2716.62,5,United Kingdom,2025-04-07 21:04:00,234,3,8149.86,2,Inactive / At-Risk
C10424,11861.48,2,8,5930.74,3,India,2025-05-18 17:05:00,194,2,11861.48,2,Inactive / At-Risk
C10425,2193.06,1,3,2193.06,1,United Kingdom,2025-10-12 16:36:00,47,1,2193.06,0,Regular / Occasional Buyer
C10426,5443.17,2,4,2721.585,4,United Kingdom,2025-09-10 12:15:00,79,2,5443.17,0,Regular / Occasional Buyer
C10428,1335.7,1,4,1335.7,2,United Kingdom,2025-04-06 22:39:00,235,1,1335.7,2,Inactive / At-Risk
C10429,2981.63,2,7,1490.815,3,Germany,2025-11-02 12:38:00,26,2,2981.63,0,Regular / Occasional Buyer
C10430,2529.79,2,6,1264.895,3,France,2025-09-05 20:17:00,83,2,2529.79,0,Regular / Occasional Buyer
C10431,1401.3899999999999,1,6,1401.3899999999999,2,United Kingdom,2025-02-21 18:33:00,280,1,1401.3899999999999,2,Inactive / At-Risk
C10432,2653.7200000000003,1,4,2653.7200000000003,2,United Kingdom,2025-04-03 12:02:00,239,1,2653.7200000000003,2,Inactive / At-Risk
C10433,3511.71,2,3,1755.855,2,United Kingdom,2025-07-20 13:09:00,131,2,3511.71,0,Regular / Occasional Buyer
C10435,28948.01,3,40,9649.336666666668,7,United Kingdom,2025-09-19 17:35:00,70,3,28948.01,1,High Value Loyal
C10436,2705.15,1,9,2705.15,2,United Kingdom,2025-08-05 17:13:00,115,1,2705.15,0,Regular / Occasional Buyer
C10437,23879.510000000002,3,75,7959.836666666667,11,United Kingdom,2025-03-09 11:43:00,264,3,23879.510000000002,2,Inactive / At-Risk
C10438,5964.57,3,11,1988.1900000000003,4,EIRE,2025-10-09 10:07:00,50,3,5964.57,0,Regular / Occasional Buyer
C10439,9436.18,2,20,4718.09,6,United Kingdom,2025-02-28 09:21:00,273,2,9436.18,2,Inactive / At-Risk
C10440,7407.2,3,19,2469.0666666666666,8,France,2025-10-09 16:42:00,50,3,7407.2,0,Regular / Occasional Buyer
C10441,5264.360000000001,1,8,5264.360000000001,2,India,2025-05-14 12:22:00,198,1,5264.360000000001,2,Inactive / At-Risk
C10442,12402.699999999999,2,14,6201.349999999999,8,Canada,2025-08-16 21:50:00,103,2,12402.699999999999,0,Regular / Occasional Buyer
C10445,16807.61,4,35,4201.9025,8,Netherlands,2025-10-02 12:39:00,57,4,16807.61,1,High Value Loyal
C10446,4272.34,2,16,2136.17,3,India,2025-10-22 16:20:00,37,2,4272.34,0,Regular / Occasional Buyer
C10447,18954.88,2,28,9477.439999999999,9,Germany,2025-10-11 09:55:00,48,2,18954.88,0,Regular / Occasional Buyer
C10448,2683.44,1,4,2683.44,1,United Kingdom,2025-07-18 13:07:00,133,1,2683.44,0,Regular / Occasional Buyer
C10449,11574.48,3,23,3858.16,7,EIRE,2025-09-07 14:48:00,82,3,11574.48,0,Regular / Occasional Buyer
C10450,19304.76,1,10,19304.76,2,United Kingdom,2025-08-02 22:04:00,117,1,19304.76,0,Regular / Occasional Buyer
C10451,4074.1200000000003,1,5,4074.1200000000003,2,Netherlands,2025-08-22 15:22:00,98,1,4074.1200000000003,0,Regular / Occasional Buyer
C10452,22883.69,3,27,7627.8966666666665,8,Germany,2025-08-22 15:38:00,98,3,22883.69,1,High Value Loyal
C10453,3194.5200000000004,1,10,3194.5200000000004,4,United Kingdom,2025-11-26 12:22:00,2,1,3194.5200000000004,0,Regular / Occasional Buyer
C10454,16295.23,3,16,5431.743333333333,7,United Kingdom,2025-05-10 21:20:00,201,3,16295.23,2,Inactive / At-Risk
C10455,29133.94,2,36,14566.97,8,United Kingdom,2025-07-07 18:31:00,144,2,29133.94,1,High Value Loyal
C10456,5270.35,2,9,2635.175,3,India,2025-05-01 21:23:00,210,2,5270.35,2,Inactive / At-Risk
C10457,14537.21,2,18,7268.605,6,Germany,2025-07-03 20:19:00,147,2,14537.21,0,Regular / Occasional Buyer
C10458,15325.02,3,29,5108.34,6,United Kingdom,2025-08-29 19:30:00,90,3,15325.02,0,Regular / Occasional Buyer
C10460,31889.95,7,43,4555.7071428571435,14,United Kingdom,2025-11-23 19:05:00,5,7,31889.95,1,High Value Loyal
C10461,22851.14,4,33,5712.785,9,United Kingdom,2025-10-31 14:24:00,28,4,22851.14,1,High Value Loyal
C10462,11541.15,2,17,5770.575,8,United Kingdom,2025-06-07 20:20:00,173,2,11541.15,2,Inactive / At-Risk
C10464,559.92,1,1,559.92,1,United Kingdom,2025-03-19 18:58:00,254,1,559.92,2,Inactive / At-Risk
C10465,6530.26,1,13,6530.26,5,United Kingdom,2025-03-21 21:44:00,251,1,6530.26,2,Inactive / At-Risk
C10466,7289.400000000001,2,9,3644.7000000000003,4,United Kingdom,2025-10-11 19:53:00,47,2,7289.400000000001,0,Regular / Occasional Buyer
C10467,533.46,1,1,533.46,1,United Kingdom,2025-10-24 19:35:00,34,1,533.46,0,Regular / Occasional Buyer
C10468,18005.9,4,23,4501.475,10,India,2025-10-31 17:44:00,28,4,18005.9,1,High Value Loyal
C10469,25102.22,3,37,8367.406666666668,12,India,2025-06-28 20:07:00,152,3,25102.22,1,High Value Loyal
C10470,5281.51,2,10,2640.755,4,United Kingdom,2025-10-01 09:38:00,58,2,5281.51,0,Regular / Occasional Buyer
C10472,31476.42,3,28,10492.14,9,United Kingdom,2025-08-20 15:24:00,100,3,31476.42,1,High Value Loyal
C10473,15412.0,2,14,7706.0,5,United Kingdom,2025-11-27 16:04:00,1,2,15412.0,0,Regular / Occasional Buyer
C10474,30190.92,3,30,10063.64,9,United Kingdom,2025-10-11 20:23:00,47,3,30190.92,1,High Value Loyal
C10475,30997.710000000003,2,22,15498.855000000001,7,United Kingdom,2025-04-14 08:32:00,228,2,30997.710000000003,2,Inactive / At-Risk
C10476,4404.07,1,3,4404.07,2,Spain,2025-01-29 20:00:00,302,1,4404.07,2,Inactive / At-Risk
C10477,817.29,1,2,817.29,2,India,2025-05-15 11:02:00,197,1,817.29,2,Inactive / At-Risk
C10478,789.9300000000001,1,3,789.9300000000001,1,India,2025-01-08 11:15:00,324,1,789.9300000000001,2,Inactive / At-Risk
C10479,2112.17,1,5,2112.17,3,EIRE,2025-11-21 17:58:00,7,1,2112.17,0,Regular / Occasional Buyer
C10481,25663.0,3,27,8554.333333333332,7,United Kingdom,2025-05-31 18:45:00,181,3,25663.0,1,High Value Loyal
C10482,4036.01,1,7,4036.01,3,United Kingdom,2025-09-16 08:27:00,73,1,4036.01,0,Regular / Occasional Buyer
C10483,1770.87,1,3,1770.87,2,United Kingdom,2025-07-05 20:23:00,145,1,1770.87,2,Inactive / At-Risk
C10485,53912.82,5,45,10782.564,9,EIRE,2025-07-20 12:56:00,131,5,53912.82,1,High Value Loyal
C10486,5792.469999999999,2,15,2896.235,6,Australia,2025-08-02 22:29:00,117,2,5792.469999999999,0,Regular / Occasional Buyer
C10488,8142.42,2,20,4071.21,5,Germany,2025-09-15 22:01:00,73,2,8142.42,0,Regular / Occasional Buyer
C10489,73697.70999999999,2,89,36848.854999999996,7,United Kingdom,2025-09-04 22:52:00,84,2,73697.70999999999,1,High Value Loyal
C10490,1315.92,1,6,1315.92,1,India,2025-01-08 21:26:00,323,1,1315.92,2,Inactive / At-Risk
C10491,5913.38,3,6,1971.1266666666668,5,United Kingdom,2025-07-25 14:43:00,126,3,5913.38,0,Regular / Occasional Buyer
C10492,7612.15,2,17,3806.075,4,United Kingdom,2025-08-04 15:22:00,116,2,7612.15,0,Regular / Occasional Buyer
C10493,19450.370000000003,2,25,9725.185,7,United Kingdom,2025-05-04 17:34:00,208,2,19450.370000000003,2,Inactive / At-Risk
C10494,7955.540000000001,3,23,2651.846666666667,6,United Kingdom,2025-10-30 20:34:00,28,3,7955.540000000001,0,Regular / Occasional Buyer
C10495,11123.48,1,8,11123.48,4,United Kingdom,2025-08-04 18:30:00,116,1,11123.48,0,Regular / Occasional Buyer
C10496,32267.01,3,37,10755.67,7,India,2025-11-27 19:27:00,1,3,32267.01,1,High Value Loyal
C10497,921.8799999999999,2,2,460.93999999999994,2,United Kingdom,2025-11-11 09:23:00,17,2,921.8799999999999,0,Regular / Occasional Buyer
C10500,10223.95,3,21,3407.983333333334,9,United Kingdom,2025-11-04 11:00:00,24,3,10223.95,0,Regular / Occasional Buyer
C10501,12533.15,3,18,4177.716666666666,9,India,2025-10-28 08:14:00,31,3,12533.15,0,Regular / Occasional Buyer
C10502,32646.529999999995,1,30,32646.530000000002,6,United Kingdom,2025-08-07 17:07:00,113,1,32646.529999999995,0,Regular / Occasional Buyer
C10503,28211.04,2,16,14105.52,3,United Kingdom,2025-10-05 16:56:00,54,2,28211.04,1,High Value Loyal
C10504,16255.410000000002,2,28,8127.705000000001,8,United Kingdom,2025-09-11 17:51:00,78,2,16255.410000000002,0,Regular / Occasional Buyer
C10505,12221.84,1,7,12221.839999999998,3,United Kingdom,2025-10-05 12:11:00,54,1,12221.84,0,Regular / Occasional Buyer
C10507,22423.809999999998,2,25,11211.905,8,United Kingdom,2025-07-29 18:31:00,122,2,22423.809999999998,0,Regular / Occasional Buyer
C10508,10291.05,2,15,5145.525,4,United Kingdom,2025-09-27 18:41:00,62,2,10291.05,0,Regular / Occasional Buyer
C10509,11664.34,4,24,2916.085,8,United Kingdom,2025-08-22 16:23:00,98,4,11664.34,1,High Value Loyal
C10510,5071.72,1,5,5071.72,2,United Kingdom,2025-05-12 09:40:00,200,1,5071.72,2,Inactive / At-Risk
C10511,6001.27,1,11,6001.27,5,United Kingdom,2025-04-03 13:51:00,239,1,6001.27,2,Inactive / At-Risk
C10512,4634.0,1,10,4634.0,1,United Kingdom,2025-08-10 14:54:00,110,1,4634.0,0,Regular / Occasional Buyer
C10514,8815.22,1,16,8815.220000000001,4,United Kingdom,2025-02-25 09:13:00,276,1,8815.22,2,Inactive / At-Risk
C10515,3096.3300000000004,2,6,1548.1650000000002,3,Germany,2025-08-09 20:58:00,110,2,3096.3300000000004,0,Regular / Occasional Buyer
C10516,216.04,1,1,216.04,1,EIRE,2025-10-28 19:00:00,31,1,216.04,0,Regular / Occasional Buyer
C10517,3565.58,1,11,3565.58,4,United Kingdom,2025-03-19 15:46:00,254,1,3565.58,2,Inactive / At-Risk
C10518,12829.86,2,18,6414.93,8,United Kingdom,2025-06-25 11:30:00,156,2,12829.86,2,Inactive / At-Risk
C10520,4788.7,2,15,2394.35,3,United Kingdom,2025-06-29 08:30:00,152,2,4788.7,2,Inactive / At-Risk
C10521,12498.7,2,16,6249.35,7,Singapore,2025-09-17 14:21:00,72,2,12498.7,0,Regular / Occasional Buyer
C10522,8018.3,2,11,4009.15,4,United Kingdom,2025-10-09 10:27:00,50,2,8018.3,0,Regular / Occasional Buyer
C10523,17657.199999999997,1,9,17657.2,3,India,2025-10-12 14:12:00,47,1,17657.199999999997,0,Regular / Occasional Buyer
C10524,9991.27,2,10,4995.635,4,France,2025-04-29 15:52:00,213,2,9991.27,2,Inactive / At-Risk
C10526,2350.45,1,6,2350.45,3,Germany,2025-05-12 22:34:00,199,1,2350.45,2,Inactive / At-Risk
C10527,747.97,1,1,747.97,1,Portugal,2025-04-10 20:40:00,231,1,747.97,2,Inactive / At-Risk
C10529,2239.62,1,4,2239.62,2,United Kingdom,2025-07-11 08:10:00,140,1,2239.62,2,Inactive / At-Risk
C10530,18288.06,2,15,9144.030000000002,3,United Kingdom,2025-03-14 15:53:00,259,2,18288.06,2,Inactive / At-Risk
C10532,3589.09,2,7,1794.545,4,India,2025-06-26 16:09:00,155,2,3589.09,2,Inactive / At-Risk
C10533,11163.15,3,18,3721.0500000000006,7,United Kingdom,2025-05-06 16:49:00,206,3,11163.15,2,Inactive / At-Risk
C10536,19187.03,4,38,4796.7575,10,Germany,2025-10-04 14:27:00,55,4,19187.03,1,High Value Loyal
C10537,8988.49,2,15,4494.244999999999,7,United Kingdom,2025-07-27 18:42:00,124,2,8988.49,0,Regular / Occasional Buyer
C10538,20217.36,3,15,6739.12,8,India,2025-08-28 08:43:00,92,3,20217.36,1,High Value Loyal
C10539,16901.510000000002,3,21,5633.836666666667,9,Germany,2025-07-12 21:21:00,138,3,16901.510000000002,1,High Value Loyal
C10540,16518.72,1,18,16518.72,8,United Kingdom,2025-07-17 18:56:00,134,1,16518.72,0,Regular / Occasional Buyer
C10541,2875.29,1,3,2875.29,2,France,2025-05-27 20:18:00,184,1,2875.29,2,Inactive / At-Risk
C10542,3483.23,1,10,3483.23,4,Australia,2025-02-14 15:46:00,287,1,3483.23,2,Inactive / At-Risk
C10543,10128.66,2,16,5064.33,7,United Kingdom,2025-11-23 15:34:00,5,2,10128.66,0,Regular / Occasional Buyer
C10544,7916.12,2,8,3958.06,3,United Kingdom,2025-06-05 15:19:00,176,2,7916.12,2,Inactive / At-Risk
C10545,5076.05,2,13,2538.025,6,United Kingdom,2025-09-25 14:48:00,64,2,5076.05,0,Regular / Occasional Buyer
C10546,2503.1800000000003,2,3,1251.5900000000001,3,India,2025-06-20 15:14:00,161,2,2503.1800000000003,2,Inactive / At-Risk
C10547,6005.68,1,4,6005.68,1,Australia,2025-04-20 14:35:00,222,1,6005.68,2,Inactive / At-Risk
C10548,11800.5,1,14,11800.5,4,United Kingdom,2025-04-24 11:27:00,218,1,11800.5,2,Inactive / At-Risk
C10549,16242.36,1,7,16242.36,2,Germany,2025-11-25 18:35:00,3,1,16242.36,0,Regular / Occasional Buyer
C10552,2260.38,1,3,2260.38,1,India,2025-04-19 18:42:00,223,1,2260.38,2,Inactive / At-Risk
C10554,17711.42,2,11,8855.71,3,France,2025-07-15 19:16:00,136,2,17711.42,0,Regular / Occasional Buyer
C10555,2474.5600000000004,2,6,1237.2800000000002,4,EIRE,2025-07-26 22:33:00,124,2,2474.5600000000004,0,Regular / Occasional Buyer
C10556,6653.21,2,16,3326.605,5,India,2025-11-23 13:45:00,5,2,6653.21,0,Regular / Occasional Buyer
C10557,2326.25,1,5,2326.25,1,United Kingdom,2025-02-28 09:12:00,273,1,2326.25,2,Inactive / At-Risk
C10558,10903.060000000001,2,11,5451.530000000001,6,Canada,2025-04-08 17:52:00,234,2,10903.060000000001,2,Inactive / At-Risk
C10559,8573.49,1,13,8573.490000000002,5,France,2025-07-19 10:27:00,132,1,8573.49,0,Regular / Occasional Buyer
C10560,11202.77,2,21,5601.385,9,United Kingdom,2025-08-25 19:49:00,94,2,11202.77,0,Regular / Occasional Buyer
C10561,11235.74,2,19,5617.87,10,United Kingdom,2025-04-01 17:59:00,241,2,11235.74,2,Inactive / At-Risk
C10562,2428.23,2,6,1214.115,4,United Kingdom,2025-10-16 21:33:00,42,2,2428.23,0,Regular / Occasional Buyer
C10564,1160.8,1,2,1160.8,1,United Kingdom,2025-02-03 12:30:00,298,1,1160.8,2,Inactive / At-Risk
C10566,22534.370000000003,3,37,7511.456666666666,8,EIRE,2025-07-30 11:37:00,121,3,22534.370000000003,1,High Value Loyal
C10567,40718.62,3,44,13572.873333333335,11,United Kingdom,2025-10-12 10:07:00,47,3,40718.62,1,High Value Loyal
C10568,6042.469999999999,1,9,6042.469999999999,3,Australia,2025-11-06 15:52:00,22,1,6042.469999999999,0,Regular / Occasional Buyer
C10569,7419.84,2,14,3709.9199999999996,5,India,2025-04-25 21:50:00,216,2,7419.84,2,Inactive / At-Risk
C10571,11321.96,2,16,5660.98,4,India,2025-10-09 08:52:00,50,2,11321.96,0,Regular / Occasional Buyer
C10572,8703.39,1,13,8703.39,6,United Kingdom,2025-05-01 11:07:00,211,1,8703.39,2,Inactive / At-Risk
C10573,7763.52,2,23,3881.76,5,Germany,2025-03-15 09:01:00,258,2,7763.52,2,Inactive / At-Risk
C10574,3535.92,1,10,3535.92,3,Australia,2025-09-30 17:13:00,59,1,3535.92,0,Regular / Occasional Buyer
C10575,316.79,1,1,316.79,1,United Kingdom,2025-07-27 15:08:00,124,1,316.79,0,Regular / Occasional Buyer
C10577,37793.51,3,41,12597.836666666668,7,United Kingdom,2025-10-04 16:58:00,55,3,37793.51,1,High Value Loyal
C10578,823.9,1,2,823.9,1,United Kingdom,2025-11-24 15:23:00,4,1,823.9,0,Regular / Occasional Buyer
C10579,13689.66,3,20,4563.22,9,United Kingdom,2025-11-13 17:35:00,15,3,13689.66,0,Regular / Occasional Buyer
C10580,16123.3,3,18,5374.433333333333,6,Germany,2025-09-26 21:12:00,62,3,16123.3,0,Regular / Occasional Buyer
C10581,2022.72,1,4,2022.72,2,United Kingdom,2025-03-02 08:45:00,271,1,2022.72,2,Inactive / At-Risk
C10583,20364.16,2,22,10182.079999999998,8,EIRE,2025-08-04 13:34:00,116,2,20364.16,0,Regular / Occasional Buyer
C10584,11195.31,2,20,5597.655,3,United Kingdom,2025-02-12 13:14:00,289,2,11195.31,2,Inactive / At-Risk
C10585,24403.31,4,28,6100.827499999999,11,Netherlands,2025-07-04 11:26:00,147,4,24403.31,1,High Value Loyal
C10586,9831.650000000001,2,14,4915.825,5,United Kingdom,2025-11-27 14:18:00,1,2,9831.650000000001,0,Regular / Occasional Buyer
C10587,22423.31,4,30,5605.8275,11,United Kingdom,2025-11-07 08:29:00,21,4,22423.31,1,High Value Loyal
C10588,26297.510000000002,2,21,13148.755,9,India,2025-07-29 11:12:00,122,2,26297.510000000002,0,Regular / Occasional Buyer
C10589,8256.19,2,16,4128.095,6,United Kingdom,2025-11-03 16:55:00,25,2,8256.19,0,Regular / Occasional Buyer
C10590,13997.28,3,21,4665.76,8,United Kingdom,2025-07-13 09:22:00,138,3,13997.28,0,Regular / Occasional Buyer
C10591,3178.46,1,2,3178.46,1,EIRE,2025-07-30 16:28:00,121,1,3178.46,0,Regular / Occasional Buyer
C10592,21894.72,2,36,10947.36,8,United Kingdom,2025-11-24 13:58:00,4,2,21894.72,0,Regular / Occasional Buyer
C10593,951.8299999999999,1,3,951.8299999999999,2,United Kingdom,2025-02-18 17:21:00,283,1,951.8299999999999,2,Inactive / At-Risk
C10594,17787.68,3,21,5929.226666666666,7,France,2025-10-07 14:23:00,52,3,17787.68,1,High Value Loyal
C10595,3012.96,1,6,3012.96,1,United Kingdom,2025-03-03 12:54:00,270,1,3012.96,2,Inactive / At-Risk
C10597,23659.57,5,45,4731.914,12,India,2025-11-20 15:06:00,8,5,23659.57,1,High Value Loyal
C10599,11057.29,1,15,11057.29,5,United Kingdom,2025-10-20 10:28:00,39,1,11057.29,0,Regular / Occasional Buyer
C10600,11099.289999999999,2,9,5549.644999999999,4,Portugal,2025-10-22 11:13:00,37,2,11099.289999999999,0,Regular / Occasional Buyer
C10602,28947.46,2,35,14473.729999999998,8,Germany,2025-04-23 12:34:00,219,2,28947.46,2,Inactive / At-Risk
C10603,27708.129999999997,5,39,5541.625999999999,9,United Kingdom,2025-08-29 20:31:00,90,5,27708.129999999997,1,High Value Loyal
C10605,45612.03,4,52,11403.0075,12,India,2025-09-28 16:54:00,61,4,45612.03,1,High Value Loyal
C10606,22697.19,2,33,11348.595000000001,10,India,2025-06-12 13:48:00,169,2,22697.19,2,Inactive / At-Risk
C10609,34404.01,1,26,34404.009999999995,3,United Kingdom,2025-06-09 15:48:00,172,1,34404.01,2,Inactive / At-Risk
C10610,11151.619999999999,2,20,5575.8099999999995,5,United Kingdom,2025-09-27 21:18:00,61,2,11151.619999999999,0,Regular / Occasional Buyer
C10611,1204.75,1,4,1204.75,3,India,2025-05-28 08:12:00,184,1,1204.75,2,Inactive / At-Risk
C10612,51759.590000000004,2,41,25879.795000000006,7,United Kingdom,2025-09-25 10:17:00,64,2,51759.590000000004,1,High Value Loyal
C10613,14012.22,2,12,7006.11,4,India,2025-06-16 21:24:00,164,2,14012.22,2,Inactive / At-Risk
C10614,2624.84,1,2,2624.84,1,United Kingdom,2025-03-21 14:40:00,252,1,2624.84,2,Inactive / At-Risk
C10617,4597.21,1,6,4597.21,2,Germany,2025-08-28 10:56:00,92,1,4597.21,0,Regular / Occasional Buyer
C10618,9899.71,2,12,4949.855,5,United Kingdom,2025-07-17 14:43:00,134,2,9899.71,0,Regular / Occasional Buyer
C10619,15189.26,4,23,3797.3150000000005,10,India,2025-09-22 15:31:00,67,4,15189.26,1,High Value Loyal
C10620,14346.380000000001,3,18,4782.126666666667,6,United Kingdom,2025-10-22 12:56:00,37,3,14346.380000000001,0,Regular / Occasional Buyer
C10621,3440.1299999999997,2,5,1720.0649999999998,2,United Kingdom,2025-10-30 17:19:00,29,2,3440.1299999999997,0,Regular / Occasional Buyer
C10622,5035.1,2,3,2517.55,2,United Kingdom,2025-07-26 09:37:00,125,2,5035.1,0,Regular / Occasional Buyer
C10625,2195.46,1,3,2195.46,1,United Kingdom,2025-01-27 10:59:00,305,1,2195.46,2,Inactive / At-Risk
C10627,3921.41,2,9,1960.705,3,United Kingdom,2025-11-17 11:58:00,11,2,3921.41,0,Regular / Occasional Buyer
C10628,8265.47,2,13,4132.735,4,United Kingdom,2025-05-26 10:04:00,186,2,8265.47,2,Inactive / At-Risk
C10629,9044.6,2,20,4522.299999999999,7,United Kingdom,2025-08-14 18:33:00,106,2,9044.6,0,Regular / Occasional Buyer
C10631,6982.46,1,12,6982.46,4,Canada,2025-02-11 18:36:00,290,1,6982.46,2,Inactive / At-Risk
C10633,1877.6799999999998,1,3,1877.6799999999998,2,United Kingdom,2025-08-07 14:54:00,113,1,1877.6799999999998,0,Regular / Occasional Buyer
C10634,9365.130000000001,4,16,2341.2825,7,United Kingdom,2025-07-22 20:24:00,128,4,9365.130000000001,1,High Value Loyal
C10635,8138.509999999999,1,9,8138.51,4,United Kingdom,2025-09-17 18:19:00,72,1,8138.509999999999,0,Regular / Occasional Buyer
C10636,11925.45,2,17,5962.725,4,United Kingdom,2025-08-06 09:28:00,114,2,11925.45,0,Regular / Occasional Buyer
C10637,11912.73,2,34,5956.365,8,United Kingdom,2025-11-13 16:56:00,15,2,11912.73,0,Regular / Occasional Buyer
C10638,2815.45,1,3,2815.45,2,United Kingdom,2025-06-22 22:53:00,158,1,2815.45,2,Inactive / At-Risk
C10639,11554.95,2,9,5777.474999999999,5,United Kingdom,2025-07-19 08:00:00,132,2,11554.95,0,Regular / Occasional Buyer
C10641,29436.83,2,26,14718.414999999999,6,Canada,2025-05-13 21:41:00,198,2,29436.83,2,Inactive / At-Risk
C10642,22688.54,4,29,5672.135,8,United Kingdom,2025-10-01 21:10:00,57,4,22688.54,1,High Value Loyal
C10643,11913.41,2,19,5956.705,6,India,2025-09-22 21:11:00,66,2,11913.41,0,Regular / Occasional Buyer
C10644,581.6700000000001,1,2,581.6700000000001,2,United Kingdom,2025-08-11 18:20:00,109,1,581.6700000000001,0,Regular / Occasional Buyer
C10645,12384.02,1,14,12384.02,3,Netherlands,2025-01-31 22:06:00,300,1,12384.02,2,Inactive / At-Risk
C10646,8776.39,1,13,8776.39,3,United Kingdom,2025-06-25 11:25:00,156,1,8776.39,2,Inactive / At-Risk
C10647,24087.78,3,29,8029.260000000001,10,Netherlands,2025-10-20 22:58:00,38,3,24087.78,1,High Value Loyal
C10648,2049.04,1,2,2049.04,1,United Kingdom,2025-06-20 18:03:00,161,1,2049.04,2,Inactive / At-Risk
C10649,8806.84,2,11,4403.42,5,United Kingdom,2025-07-16 12:30:00,135,2,8806.84,0,Regular / Occasional Buyer
C10650,1019.5899999999999,1,3,1019.5899999999999,2,United Kingdom,2025-05-30 20:24:00,181,1,1019.5899999999999,2,Inactive / At-Risk
C10651,550.93,1,2,550.93,2,United Kingdom,2025-09-03 21:51:00,85,1,550.93,0,Regular / Occasional Buyer
C10652,21540.66,3,36,7180.22,8,United Kingdom,2025-03-09 10:42:00,264,3,21540.66,2,Inactive / At-Risk
C10653,3068.79,1,3,3068.79,1,Portugal,2025-06-04 14:25:00,177,1,3068.79,2,Inactive / At-Risk
C10655,4572.67,1,7,4572.67,4,EIRE,2025-01-24 20:42:00,307,1,4572.67,2,Inactive / At-Risk
C10656,13548.64,1,7,13548.64,3,United Kingdom,2025-11-24 16:19:00,4,1,13548.64,0,Regular / Occasional Buyer
C10657,19219.48,4,23,4804.87,8,United Kingdom,2025-11-16 13:03:00,12,4,19219.48,1,High Value Loyal
C10658,21806.7,3,35,7268.900000000001,9,India,2025-09-09 15:10:00,80,3,21806.7,1,High Value Loyal
C10659,8066.95,1,13,8066.95,6,United Kingdom,2025-03-25 21:41:00,247,1,8066.95,2,Inactive / At-Risk
C10661,9862.67,2,15,4931.335,5,United Kingdom,2025-07-16 13:36:00,135,2,9862.67,0,Regular / Occasional Buyer
C10662,17239.74,4,20,4309.935,10,United Kingdom,2025-09-20 10:10:00,69,4,17239.74,1,High Value Loyal
C10663,36501.4,3,34,12167.133333333333,9,Singapore,2025-06-15 08:09:00,166,3,36501.4,1,High Value Loyal
C10664,30239.0,3,41,10079.666666666666,13,United Kingdom,2025-10-14 11:49:00,45,3,30239.0,1,High Value Loyal
C10666,10641.08,2,12,5320.54,3,India,2025-08-14 14:50:00,106,2,10641.08,0,Regular / Occasional Buyer
C10668,11873.220000000001,2,15,5936.610000000001,6,United Kingdom,2025-05-20 13:17:00,192,2,11873.220000000001,2,Inactive / At-Risk
C10669,5357.17,2,9,2678.585,3,United Kingdom,2025-11-08 08:07:00,20,2,5357.17,0,Regular / Occasional Buyer
C10672,19608.21,1,10,19608.21,3,Netherlands,2025-01-28 14:32:00,304,1,19608.21,2,Inactive / At-Risk
C10673,28776.49,3,38,9592.163333333334,10,Singapore,2025-08-23 18:05:00,97,3,28776.49,1,High Value Loyal
C10676,7697.97,4,17,1924.4925,9,India,2025-09-19 12:10:00,70,4,7697.97,1,High Value Loyal
C10677,4460.610000000001,2,13,2230.305,4,Germany,2025-10-18 11:28:00,41,2,4460.610000000001,0,Regular / Occasional Buyer
C10679,24396.660000000003,2,25,12198.329999999998,7,United Kingdom,2025-07-02 18:54:00,149,2,24396.660000000003,0,Regular / Occasional Buyer
C10683,17322.16,2,23,8661.08,7,United Kingdom,2025-07-11 19:30:00,139,2,17322.16,0,Regular / Occasional Buyer
C10684,116064.96000000002,2,52,58032.48000000001,2,United Kingdom,2025-09-13 12:36:00,76,2,116064.96000000002,1,High Value Loyal
C10686,12571.329999999998,2,16,6285.664999999999,4,United Kingdom,2025-08-21 14:57:00,99,2,12571.329999999998,0,Regular / Occasional Buyer
C10687,24633.129999999997,2,25,12316.564999999999,5,India,2025-11-17 10:49:00,11,2,24633.129999999997,0,Regular / Occasional Buyer
C10688,9695.630000000001,2,11,4847.8150000000005,4,United Kingdom,2025-06-19 20:07:00,161,2,9695.630000000001,2,Inactive / At-Risk
C10689,11400.2,3,18,3800.066666666667,6,United Kingdom,2025-08-03 17:32:00,117,3,11400.2,0,Regular / Occasional Buyer
C10690,18387.940000000002,3,25,6129.313333333333,9,India,2025-11-06 17:02:00,22,3,18387.940000000002,1,High Value Loyal
C10692,4960.32,1,14,4960.32,2,United Kingdom,2025-02-02 11:32:00,299,1,4960.32,2,Inactive / At-Risk
C10696,34978.41,5,47,6995.682000000001,14,India,2025-07-08 10:00:00,143,5,34978.41,1,High Value Loyal
C10697,11496.880000000001,1,24,11496.880000000001,3,India,2025-07-03 11:05:00,148,1,11496.880000000001,2,Inactive / At-Risk
C10698,1071.48,1,6,1071.48,2,Portugal,2025-07-23 12:34:00,128,1,1071.48,0,Regular / Occasional Buyer
C10699,2450.29,1,3,2450.29,3,United Kingdom,2025-05-28 11:21:00,184,1,2450.29,2,Inactive / At-Risk
C10701,6678.049999999999,2,28,3339.025,5,India,2025-06-18 17:40:00,163,2,6678.049999999999,2,Inactive / At-Risk
C10703,15175.39,2,18,7587.695,6,EIRE,2025-11-13 13:59:00,15,2,15175.39,0,Regular / Occasional Buyer
C10704,8348.35,3,9,2782.783333333333,4,United Kingdom,2025-10-11 13:44:00,48,3,8348.35,0,Regular / Occasional Buyer
C10705,26828.41,2,28,13414.205,8,United Kingdom,2025-10-11 14:51:00,48,2,26828.41,0,Regular / Occasional Buyer
C10708,6731.86,1,10,6731.860000000001,4,United Kingdom,2025-04-15 14:32:00,227,1,6731.86,2,Inactive / At-Risk
C10709,29757.68,3,38,9919.226666666667,11,United Kingdom,2025-10-29 14:27:00,30,3,29757.68,1,High Value Loyal
C10710,51428.100000000006,4,52,12857.025,11,United Kingdom,2025-11-07 13:02:00,21,4,51428.100000000006,1,High Value Loyal
C10711,4705.72,2,8,2352.86,5,India,2025-02-26 12:28:00,275,2,4705.72,2,Inactive / At-Risk
C10712,1390.17,1,1,1390.17,1,India,2025-04-13 15:20:00,229,1,1390.17,2,Inactive / At-Risk
C10715,4807.2699999999995,2,7,2403.6349999999998,4,United Kingdom,2025-07-23 08:33:00,128,2,4807.2699999999995,0,Regular / Occasional Buyer
C10716,5683.76,1,4,5683.76,1,United Kingdom,2025-07-15 08:21:00,136,1,5683.76,2,Inactive / At-Risk
C10717,2634.8,1,6,2634.8,2,United Kingdom,2025-10-15 10:09:00,44,1,2634.8,0,Regular / Occasional Buyer
C10720,14105.25,3,21,4701.749999999999,10,United Kingdom,2025-09-19 11:44:00,70,3,14105.25,0,Regular / Occasional Buyer
C10721,8297.21,1,5,8297.21,3,United Kingdom,2025-08-03 13:32:00,117,1,8297.21,0,Regular / Occasional Buyer
C10722,50076.1,2,38,25038.05,11,Australia,2025-04-06 20:59:00,235,2,50076.1,1,High Value Loyal
C10724,9316.59,1,8,9316.59,4,United Kingdom,2025-05-31 08:45:00,181,1,9316.59,2,Inactive / At-Risk
C10725,58475.82,7,83,8353.688571428573,16,Australia,2025-09-26 12:19:00,63,7,58475.82,1,High Value Loyal
C10726,6869.4,3,15,2289.7999999999997,7,Singapore,2025-09-11 11:09:00,78,3,6869.4,0,Regular / Occasional Buyer
C10727,29786.26,2,43,14893.130000000001,9,India,2025-11-19 12:24:00,9,2,29786.26,1,High Value Loyal
C10732,5970.639999999999,1,10,5970.64,4,India,2025-08-06 19:34:00,113,1,5970.639999999999,0,Regular / Occasional Buyer
C10733,17340.149999999998,1,27,17340.15,7,Spain,2025-02-27 15:10:00,274,1,17340.149999999998,2,Inactive / At-Risk
C10734,11988.82,3,24,3996.2733333333326,10,United Kingdom,2025-09-18 09:37:00,71,3,11988.82,0,Regular / Occasional Buyer
C10735,24111.4,3,44,8037.133333333334,9,India,2025-10-19 15:31:00,40,3,24111.4,1,High Value Loyal
C10736,17749.75,3,21,5916.583333333333,8,India,2025-07-27 17:13:00,124,3,17749.75,1,High Value Loyal
C10737,10328.740000000002,1,14,10328.740000000002,7,United Kingdom,2025-07-05 09:13:00,146,1,10328.740000000002,2,Inactive / At-Risk
C10738,24838.989999999998,4,44,6209.7474999999995,12,United Kingdom,2025-11-06 16:30:00,22,4,24838.989999999998,1,High Value Loyal
C10739,53240.09,5,60,10648.018,15,United Kingdom,2025-09-18 19:55:00,70,5,53240.09,1,High Value Loyal
C10740,8313.900000000001,1,18,8313.900000000001,2,United Kingdom,2025-07-10 18:32:00,141,1,8313.900000000001,2,Inactive / At-Risk
C10741,11286.86,1,14,11286.86,3,India,2025-08-03 15:14:00,117,1,11286.86,0,Regular / Occasional Buyer
C10742,7221.88,1,14,7221.88,4,EIRE,2025-04-15 13:40:00,227,1,7221.88,2,Inactive / At-Risk
C10743,1363.08,1,4,1363.08,1,United Kingdom,2025-06-11 16:34:00,170,1,1363.08,2,Inactive / At-Risk
C10744,20528.29,4,20,5132.0725,6,India,2025-07-26 21:33:00,124,4,20528.29,1,High Value Loyal
C10745,17365.39,1,20,17365.390000000003,6,United Kingdom,2025-10-15 10:24:00,44,1,17365.39,0,Regular / Occasional Buyer
C10747,5699.16,2,5,2849.58,3,France,2025-10-25 09:59:00,34,2,5699.16,0,Regular / Occasional Buyer
C10748,9813.66,2,9,4906.83,3,United Kingdom,2025-10-08 14:24:00,51,2,9813.66,0,Regular / Occasional Buyer
C10749,2888.2,2,4,1444.1,3,United Kingdom,2025-05-22 20:30:00,189,2,2888.2,2,Inactive / At-Risk
C10751,7467.97,2,12,3733.9849999999997,6,United Kingdom,2025-09-26 17:29:00,63,2,7467.97,0,Regular / Occasional Buyer
C10752,12936.69,3,20,4312.2300000000005,8,Canada,2025-10-26 19:20:00,33,3,12936.69,0,Regular / Occasional Buyer
C10754,5791.58,1,6,5791.58,2,United Kingdom,2025-11-27 14:52:00,1,1,5791.58,0,Regular / Occasional Buyer
C10755,13405.66,3,15,4468.553333333333,5,Canada,2025-10-31 20:27:00,27,3,13405.66,0,Regular / Occasional Buyer
C10756,1544.13,2,3,772.065,3,India,2025-06-14 08:29:00,167,2,1544.13,2,Inactive / At-Risk
C10757,15159.38,2,25,7579.6900000000005,7,United Kingdom,2025-09-24 19:33:00,64,2,15159.38,0,Regular / Occasional Buyer
C10758,18665.01,2,30,9332.505,10,United Kingdom,2025-11-07 19:48:00,20,2,18665.01,0,Regular / Occasional Buyer
C10759,1782.79,2,5,891.395,2,United Kingdom,2025-06-22 21:09:00,158,2,1782.79,2,Inactive / At-Risk
C10760,36346.97,3,61,12115.656666666664,11,United Kingdom,2025-08-11 18:52:00,109,3,36346.97,1,High Value Loyal
C10761,20364.72,3,33,6788.240000000001,9,Germany,2025-09-13 11:34:00,76,3,20364.72,1,High Value Loyal
C10762,3509.8,1,10,3509.8,1,India,2025-06-19 22:02:00,161,1,3509.8,2,Inactive / At-Risk
C10763,3308.3100000000004,1,6,3308.3100000000004,3,Germany,2025-01-19 18:36:00,313,1,3308.3100000000004,2,Inactive / At-Risk
C10764,7635.92,2,19,3817.9599999999996,7,United Kingdom,2025-08-11 22:04:00,108,2,7635.92,0,Regular / Occasional Buyer
C10765,4027.15,2,8,2013.5750000000003,6,United Kingdom,2025-11-03 12:53:00,25,2,4027.15,0,Regular / Occasional Buyer
C10766,4945.45,1,9,4945.45,3,Spain,2025-05-06 11:06:00,206,1,4945.45,2,Inactive / At-Risk
C10767,991.4,1,1,991.4,1,United Kingdom,2025-04-11 19:41:00,230,1,991.4,2,Inactive / At-Risk
C10768,22047.12,2,18,11023.56,5,India,2025-04-12 14:16:00,230,2,22047.12,2,Inactive / At-Risk
C10769,19793.82,2,20,9896.909999999998,4,United Kingdom,2025-09-30 08:38:00,59,2,19793.82,0,Regular / Occasional Buyer
C10770,26441.8,4,38,6610.45,13,Canada,2025-07-24 16:46:00,127,4,26441.8,1,High Value Loyal
C10771,18152.49,1,27,18152.49,8,India,2025-03-20 22:14:00,252,1,18152.49,2,Inactive / At-Risk
C10772,151.94,1,1,151.94,1,United Kingdom,2025-04-17 18:57:00,225,1,151.94,2,Inactive / At-Risk
C10773,37697.55,4,42,9424.3875,11,United Kingdom,2025-07-28 14:19:00,123,4,37697.55,1,High Value Loyal
C10774,7397.5,1,6,7397.5,2,United Kingdom,2025-05-28 14:28:00,184,1,7397.5,2,Inactive / At-Risk
C10775,14303.2,3,31,4767.733333333334,7,United Kingdom,2025-10-14 16:11:00,45,3,14303.2,0,Regular / Occasional Buyer
C10776,33181.97,3,45,11060.656666666668,10,United Kingdom,2025-10-29 19:35:00,29,3,33181.97,1,High Value Loyal
C10777,31554.68,3,25,10518.226666666667,9,Singapore,2025-06-13 15:16:00,168,3,31554.68,1,High Value Loyal
C10778,29351.39,2,23,14675.695,7,Spain,2025-09-22 21:23:00,66,2,29351.39,1,High Value Loyal
C10779,1168.18,1,2,1168.18,1,United Kingdom,2025-10-20 15:08:00,39,1,1168.18,0,Regular / Occasional Buyer
C10780,8358.33,2,9,4179.165,4,United Kingdom,2025-10-19 16:50:00,40,2,8358.33,0,Regular / Occasional Buyer
C10781,7072.74,2,7,3536.37,4,EIRE,2025-02-28 13:31:00,273,2,7072.74,2,Inactive / At-Risk
C10783,47664.98,4,33,11916.245000000003,12,Germany,2025-11-03 09:09:00,25,4,47664.98,1,High Value Loyal
C10785,3823.0199999999995,1,8,3823.0199999999995,4,United Kingdom,2025-03-06 20:28:00,266,1,3823.0199999999995,2,Inactive / At-Risk
C10786,3681.21,4,10,920.3025,6,EIRE,2025-09-28 19:16:00,61,4,3681.21,0,Regular / Occasional Buyer
C10787,7091.83,1,15,7091.83,3,Canada,2025-10-22 12:13:00,37,1,7091.83,0,Regular / Occasional Buyer
C10788,1420.62,1,6,1420.62,2,United Kingdom,2025-06-14 15:03:00,167,1,1420.62,2,Inactive / At-Risk
C10789,19457.11,3,22,6485.703333333334,7,United Kingdom,2025-10-13 12:57:00,46,3,19457.11,1,High Value Loyal
C10790,12404.24,2,18,6202.119999999999,3,United Kingdom,2025-11-09 16:13:00,19,2,12404.24,0,Regular / Occasional Buyer
C10791,14541.599999999999,2,12,7270.8,6,Spain,2025-11-12 20:51:00,15,2,14541.599999999999,0,Regular / Occasional Buyer
C10792,17808.83,6,49,2968.138333333334,11,United Kingdom,2025-09-05 11:05:00,84,6,17808.83,1,High Value Loyal
C10793,13786.800000000001,3,23,4595.6,6,Netherlands,2025-08-19 08:47:00,101,3,13786.800000000001,0,Regular / Occasional Buyer
C10794,11945.6,2,13,5972.8,5,Netherlands,2025-06-17 18:14:00,164,2,11945.6,2,Inactive / At-Risk
C10795,9071.880000000001,2,29,4535.9400000000005,6,United Kingdom,2025-10-23 18:08:00,36,2,9071.880000000001,0,Regular / Occasional Buyer
C10797,1971.32,1,3,1971.32,2,United Kingdom,2025-05-01 09:06:00,211,1,1971.32,2,Inactive / At-Risk
C10799,4674.95,2,13,2337.475,4,United Kingdom,2025-05-18 11:59:00,194,2,4674.95,2,Inactive / At-Risk
C10800,5814.51,2,7,2907.255,4,EIRE,2025-07-02 09:30:00,149,2,5814.51,0,Regular / Occasional Buyer
C10802,9229.61,1,9,9229.61,4,United Kingdom,2025-07-29 08:35:00,122,1,9229.61,0,Regular / Occasional Buyer
C10803,4509.68,1,8,4509.68,4,India,2025-11-03 16:33:00,25,1,4509.68,0,Regular / Occasional Buyer
C10804,22316.41,5,35,4463.282000000001,13,Singapore,2025-09-16 08:08:00,73,5,22316.41,1,High Value Loyal
C10807,666.6,1,2,666.6,2,United Kingdom,2025-02-03 09:35:00,298,1,666.6,2,Inactive / At-Risk
C10808,15029.73,2,20,7514.865,6,United Kingdom,2025-11-13 18:28:00,15,2,15029.73,0,Regular / Occasional Buyer
C10809,2158.29,1,5,2158.29,3,United Kingdom,2025-07-15 13:37:00,136,1,2158.29,2,Inactive / At-Risk
C10812,383.72,1,1,383.72,1,United Kingdom,2025-06-11 08:27:00,170,1,383.72,2,Inactive / At-Risk
C10813,33984.47,3,35,11328.156666666668,13,United Kingdom,2025-08-14 08:52:00,106,3,33984.47,1,High Value Loyal
C10814,4451.67,1,6,4451.67,3,India,2025-04-16 14:31:00,226,1,4451.67,2,Inactive / At-Risk
C10815,19713.12,1,12,19713.12,1,United Kingdom,2025-05-27 13:20:00,185,1,19713.12,2,Inactive / At-Risk
C10816,5197.49,2,12,2598.7450000000003,6,United Kingdom,2025-10-19 08:36:00,40,2,5197.49,0,Regular / Occasional Buyer
C10818,20491.56,1,18,20491.56,3,United Kingdom,2025-02-16 15:34:00,285,1,20491.56,2,Inactive / At-Risk
C10819,9865.78,2,6,4932.89,3,Germany,2025-05-15 17:23:00,197,2,9865.78,2,Inactive / At-Risk
C10821,45211.340000000004,6,67,7535.223333333334,13,France,2025-11-06 10:55:00,22,6,45211.340000000004,1,High Value Loyal
C10822,16049.630000000001,2,17,8024.8150000000005,7,United Kingdom,2025-04-17 15:29:00,225,2,16049.630000000001,2,Inactive / At-Risk
C10823,7499.65,5,17,1499.9299999999998,6,India,2025-10-20 08:14:00,39,5,7499.65,1,High Value Loyal
C10824,3268.62,1,9,3268.62,2,EIRE,2025-09-12 13:17:00,77,1,3268.62,0,Regular / Occasional Buyer
C10825,8709.2,3,14,2903.066666666666,6,Canada,2025-07-13 09:59:00,138,3,8709.2,0,Regular / Occasional Buyer
C10826,13172.41,1,13,13172.41,4,United Kingdom,2025-01-17 18:18:00,315,1,13172.41,2,Inactive / At-Risk
C10827,1577.38,1,4,1577.38,2,United Kingdom,2025-11-25 20:17:00,2,1,1577.38,0,Regular / Occasional Buyer
C10828,12613.31,3,13,4204.4366666666665,4,United Kingdom,2025-09-29 21:08:00,59,3,12613.31,0,Regular / Occasional Buyer
C10830,5008.52,1,21,5008.52,2,Netherlands,2025-11-07 12:26:00,21,1,5008.52,0,Regular / Occasional Buyer
C10831,6124.18,2,10,3062.09,4,Netherlands,2025-03-01 19:48:00,271,2,6124.18,2,Inactive / At-Risk
C10832,2247.3999999999996,1,6,2247.3999999999996,2,United Kingdom,2025-08-19 08:02:00,101,1,2247.3999999999996,0,Regular / Occasional Buyer
C10833,10581.6,3,11,3527.2000000000003,4,United Kingdom,2025-11-18 19:49:00,9,3,10581.6,0,Regular / Occasional Buyer
C10834,889.74,2,5,444.87,2,United Kingdom,2025-08-25 13:50:00,95,2,889.74,0,Regular / Occasional Buyer
C10835,15000.61,1,28,15000.61,6,Germany,2025-01-13 22:54:00,318,1,15000.61,2,Inactive / At-Risk
C10837,30895.86,3,24,10298.62,10,India,2025-09-06 22:54:00,82,3,30895.86,1,High Value Loyal
C10838,7383.76,1,13,7383.76,7,United Kingdom,2025-05-10 14:15:00,202,1,7383.76,2,Inactive / At-Risk
C10839,2609.81,2,13,1304.905,4,United Kingdom,2025-10-06 16:39:00,53,2,2609.81,0,Regular / Occasional Buyer
C10840,5039.34,1,6,5039.34,1,Australia,2025-06-14 21:05:00,166,1,5039.34,2,Inactive / At-Risk
C10842,24155.04,4,26,6038.76,11,India,2025-07-29 09:16:00,122,4,24155.04,1,High Value Loyal
C10843,606.55,1,1,606.55,1,India,2025-03-22 11:47:00,251,1,606.55,2,Inactive / At-Risk
C10844,30327.96,3,52,10109.320000000002,10,EIRE,2025-10-11 11:57:00,48,3,30327.96,1,High Value Loyal
C10845,18520.739999999998,2,32,9260.369999999999,5,EIRE,2025-03-06 10:35:00,267,2,18520.739999999998,2,Inactive / At-Risk
C10846,33143.27,2,22,16571.635,6,EIRE,2025-11-19 14:17:00,9,2,33143.27,1,High Value Loyal
C10847,3056.76,1,2,3056.76,1,United Kingdom,2025-06-17 20:18:00,163,1,3056.76,2,Inactive / At-Risk
C10850,16796.48,3,32,5598.826666666667,10,Germany,2025-08-07 12:44:00,113,3,16796.48,1,High Value Loyal
